Market_ID,Product,Market_Price_per_ton,Demand_Index,Competitor_Price_per_ton,Consumer_Trend_Index,Profit_Score
4726,Wheat,494.48432311650953,197.21025886049904,108.43133196156134,140.70338939490088,1006.54
6463,Soybean,495.9281361253624,198.94470911439387,220.6045933842617,139.80136929553152,1006.5
6600,Rice,499.9078128975721,194.81658377650135,183.0542818401188,135.24307170165258,996.17
523,Wheat,485.9121912952981,199.45337330635957,117.43431886107496,125.9686209267798,995.22
2974,Corn,491.3801469484479,196.50467382828083,142.36953752075408,144.42271593103612,994.67
8836,Wheat,484.4793979129728,199.510091978485,151.720066844705,121.18395724414978,987.77
7031,Corn,494.2468352555289,197.48732774317008,279.8468618456408,102.12261544876225,978.73
4888,Corn,489.7584783129057,197.13542613817552,212.6733355083918,107.49803683969066,976.47
2519,Corn,497.5245657707953,191.3353474233836,193.787739989046,143.53997569239692,975.62
284,Rice,495.547770803576,197.48211979361207,488.64036693065,148.49667188950548,974.3
3779,Soybean,499.7251827075336,192.97293172986045,222.80810822471352,101.77941900360426,972.59
5764,Soybean,491.0579794055676,198.31828666571104,340.79309311865063,101.12529333013552,970.12
3118,Corn,496.5692600493389,196.62329404830265,382.0534564381286,105.24451341832298,969.74
7098,Corn,486.237389738032,197.65455982082003,305.1034385242999,125.53975432169378,968.22
198,Corn,493.332851806341,191.2416680504329,194.53752995681805,128.0755626871158,962.43
8119,Rice,486.5961874831481,196.37634896624084,321.1948909580083,129.06544879050216,962.16
301,Rice,480.3996674403002,193.2553103001094,154.75109707725338,141.85608381222823,955.48
1088,Soybean,491.46923194781823,195.6732188617252,492.87314467020616,120.63552726358996,948.58
4445,Soybean,465.0091052671141,199.0714395760945,233.37859663336272,146.5186624493921,946.32
4559,Corn,474.7125067316178,197.0092193627329,307.3567199662649,133.40138325851623,944.51
1266,Wheat,479.0967480764376,196.385471035192,278.01281342269726,104.44235890879878,944.41
3642,Wheat,478.7037309944709,199.7766340865007,469.4779279947963,114.95004594035262,943.88
3590,Wheat,484.2351252403018,193.19152586090647,315.44223190765103,131.95225303516452,943.54
8424,Corn,490.4664617645647,189.20654410301492,279.6719180333263,135.70136574005488,940.74
495,Wheat,470.35806788770265,199.3289229599849,357.66793013768614,115.69438256108327,936.5
1683,Corn,465.2878732638303,198.70193637977397,266.33852018546565,125.51378337941864,935.56
9689,Wheat,486.3701997679107,187.8548106192128,245.6287600949825,147.53305663243532,933.37
3948,Wheat,467.2509377421743,197.52225451336344,349.2847304362125,144.60832964365306,931.38
1705,Wheat,485.7200221827125,192.87366938681436,448.3790317448672,127.04887128376292,930.1
2218,Soybean,489.0596361241016,188.8849339691917,365.8093499850494,142.71370367625588,929.99
3757,Soybean,486.9696049244118,186.17441571967348,194.32926806736745,125.22659284033092,924.75
4468,Rice,484.39024031009706,188.12036818805356,301.8290946839309,136.68362208017257,922.06
7861,Rice,482.05225770978666,192.5025043237492,487.95961163594257,140.77155148295532,921.4
6773,Corn,487.9911350857509,184.84554921073325,173.18258852327614,117.89103004706216,920.08
7461,Rice,469.3621886871443,193.57740902276356,271.0701014799574,121.7535807784191,918.0
4572,Soybean,480.0824041461093,193.54292798339716,479.7662333366896,122.65349657356025,917.98
8073,Rice,472.68144012615664,196.86570607782255,472.6313928114878,112.3254850840676,916.98
7195,Soybean,469.534370786264,192.31410461510063,303.74838407409663,139.8705601827765,914.57
7169,Rice,459.6701768449071,199.0307458688305,458.9395218215225,146.72965498174648,913.01
7254,Rice,485.97112349471,183.0507795864914,196.22872349694055,142.28837871755414,912.64
6205,Wheat,492.2960366967805,181.3633850226913,233.28813566300263,142.61087603211115,912.3
8943,Rice,475.8328057056073,187.0793739636792,233.97898763136803,147.12737039031828,910.93
2196,Wheat,450.3581894017212,196.2288883005967,186.48534078477,146.25093612420426,908.96
9814,Rice,460.1211483811159,195.12484631915223,329.1374897553435,145.91529065388772,908.67
9760,Wheat,467.8275647671974,196.7162056692792,424.5106778544875,102.05247266898569,908.46
5420,Corn,477.2955951701271,190.3438957325002,468.3003952999357,147.07670836982982,905.8
2664,Soybean,480.3180413565468,190.55664456504996,424.9756603888481,109.4431519251755,905.61
1157,Wheat,498.97851484706433,183.0160280828532,457.1340614959771,126.29007002212514,905.38
6529,Wheat,485.8370931961528,182.71594085888427,273.890248078844,147.34510871125266,904.52
881,Soybean,494.6056924802235,178.5476646143652,122.92813474661108,106.84088211556788,902.87
7311,Corn,483.5458625704071,186.4494071484123,425.1188802034589,144.31194147219242,902.35
579,Wheat,468.4820629169325,189.39609015342663,239.6605042051989,128.0101158694415,901.72
1178,Soybean,476.1178917848793,189.0778244674664,401.0253178557432,137.4029964046226,901.35
1680,Wheat,465.98330183887975,192.27803517487305,357.5451320657994,134.89265647805047,900.7
836,Rice,474.8208095582574,186.83187798283072,296.3614504134612,137.7740688711976,898.81
7561,Corn,444.316593069803,198.92738270908572,291.0829774052412,139.98896518714565,896.76
6606,Corn,489.965534957653,177.90311509534502,146.146515141664,132.28055445877578,896.73
461,Rice,498.5787634081101,182.96719994499412,468.7597442805797,100.3203094589791,895.46
8293,Corn,450.8171153441732,195.97785230896835,324.00393712836785,144.99015952390906,894.6
3824,Soybean,454.1913143866837,192.8764218897088,252.30264319294352,145.08352752754325,894.32
3105,Corn,474.1740420478303,183.908874097127,173.12316929286266,129.19326563307342,893.49
9912,Rice,461.5441935724333,189.7202256100038,141.40163464559188,104.62330205490716,892.89
4955,Soybean,470.6145733868019,187.48528576288177,237.19637523582188,100.48018473577702,888.76
7291,Corn,442.09396660417593,198.32309015401407,204.11649500106589,106.28970210038057,888.25
5732,Wheat,455.7341102266282,190.0469606454632,204.38216219021876,140.02467138674365,887.68
3193,Corn,476.4267494512804,189.5515135932568,495.7012299560652,101.13781101117132,883.85
1641,Soybean,453.9612273904787,195.51062389803317,371.59224552287577,107.4033734977714,882.6
9697,Corn,457.0049188154537,193.1902480904591,314.0130618591502,100.7522948641554,881.71
5800,Wheat,459.7731010231746,191.05901791176785,365.11414457921694,129.66233976959546,880.83
8942,Rice,443.0264128095257,194.22779859561453,116.37552048210696,105.12419007416582,880.38
1387,Rice,480.8161726571021,179.7369016494472,149.56478774621678,103.47311179945844,880.29
8678,Rice,447.56712287914297,192.60412126185796,146.68161636152962,106.13066146562836,879.2
7189,Corn,440.0503658639028,192.93258716572825,151.21630338782794,148.90269318976763,878.55
8803,Corn,470.4484004188392,184.2595544425596,330.1111038187345,148.6639877806821,878.43
7269,Rice,484.5183663807418,178.77197210291973,280.7697554690278,126.77245153041912,876.14
5698,Wheat,486.1844919557217,179.8481557821345,306.9307647816517,105.8182023301354,875.45
626,Corn,494.7021725567065,178.17251156546587,484.1648272910835,141.3874451586904,875.42
3973,Corn,451.13836461888303,194.1196352567237,430.441930696353,141.69817109222544,875.21
1374,Wheat,496.7191702154428,173.16095274692844,176.33880203541003,102.96493192029531,873.38
2636,Soybean,485.5853420959044,177.668249221329,214.2221507080678,103.4411385287246,872.34
2414,Wheat,442.9140498562746,195.1482912403092,232.80364557773396,102.6158987148988,871.84
3552,Rice,445.627190576546,194.63147337386943,297.55552407139464,104.72356061028589,868.99
4944,Corn,441.3105656958279,198.1880624580015,429.238532585414,122.63135267766576,868.49
2127,Soybean,448.967831096815,193.346330908802,392.8557287345076,128.60648906323928,867.36
6736,Rice,484.0397551912776,179.5820488747315,448.800998158194,142.6848147833436,867.17
6112,Corn,426.864621292973,197.536768556066,105.2364009303496,112.48309249322,866.44
92,Rice,469.840506271625,188.0058648615138,484.97825397560985,104.43022730087868,866.16
4332,Wheat,482.6782615665176,174.98151503295836,137.48631649382816,117.19217547061972,866.01
4597,Wheat,494.0933247244172,169.73102598992477,175.93942751391177,149.82799563221863,865.98
9739,Corn,450.1046801799678,195.56945191616853,470.34019769866495,104.73908061864836,864.65
9698,Soybean,439.1582926418318,194.37425766819527,296.3689157922951,135.1643743704119,864.52
9,Soybean,447.4117730632625,188.3175449085296,210.50295551774195,141.3236949772548,863.9
2894,Wheat,446.0345865208851,189.00713209464357,135.9368791661875,112.7519405914163,863.27
5124,Wheat,451.0864003196184,194.17874326593304,457.2909859526731,108.08213498433408,862.61
3198,Soybean,447.6196087640637,196.0333284863363,451.7099606086357,100.04075466034834,862.32
3464,Corn,440.12369160831935,190.68018180167616,130.05205608838168,119.44294945042418,862.06
7328,Wheat,486.767706051322,177.67626634330455,424.5565080222135,131.61709873011856,861.9
2016,Corn,495.502960165552,170.3746193508612,155.89563218807268,108.91401832016231,861.3
5798,Soybean,475.20230150075935,183.51304204838627,476.89759594524,122.83865620838094,861.22
9595,Corn,459.4175574968088,189.53390817879253,418.1201439449618,105.4381404753503,860.57
5883,Corn,425.5554360370261,199.403552509116,284.98757588659834,133.91469138748016,860.25
3830,Wheat,481.9211289650254,178.60170239511743,404.2007753716951,132.8702378189709,860.16
8046,Corn,490.7244976476191,177.51321428148134,437.6933299076392,107.82363950077104,859.68
2144,Corn,444.8138319320721,195.82738828949888,487.4573857787021,114.41971857855972,856.65
7592,Soybean,453.2305516507091,190.51637060013812,406.5275975351729,109.6531131991134,855.72
5092,Corn,453.9261722076504,188.35146588221596,313.3006718390018,106.39186288752649,855.56
9117,Rice,469.9283511740121,180.90447810764056,318.28029086207005,122.21999066456128,854.96
4627,Corn,450.3331005329693,191.43743377924804,418.3175855249059,115.42145673727624,854.9
7217,Wheat,452.9575537486936,189.9342568664263,443.1962087496209,124.5769289480738,853.38
9918,Wheat,446.1596706422416,190.53490884542973,275.3437455159809,101.7980876153888,853.09
3654,Wheat,477.89872033871023,178.46423351334593,462.08035349934033,149.87351093308868,851.63
2836,Wheat,431.4830890184921,197.53165968314312,326.66422891797725,105.46686313737536,851.29
6133,Rice,478.4983529964499,180.441693412268,469.9795837939944,114.9922907909623,850.91
441,Soybean,453.2523876846553,187.89020657747693,326.89257644269634,104.35684773213754,850.23
8979,Corn,490.3708063071403,170.58786993873846,288.4088948771,141.09908275722006,850.0
2199,Soybean,447.1292139806537,187.56625703641265,338.23886794186103,149.55870522130067,849.71
6647,Corn,499.7859685658175,172.3545778710522,461.6551669752347,107.24047189234273,847.41
7955,Soybean,479.0373700389724,173.4552465812468,266.1537282335181,139.439382975176,846.13
6474,Corn,464.0405685107436,178.216728826191,143.58299647373735,107.88147009862917,845.0
1804,Rice,430.411732490042,191.76042578204735,146.17112232409193,114.03480396225092,844.95
6279,Wheat,460.9749064405876,185.30551870923483,466.16238190403647,124.37519485553264,844.91
5003,Rice,473.4710140993627,171.83613467403842,136.0101585298474,149.69052589555588,844.9
5802,Soybean,454.6853105023374,184.63782769173588,344.80642276749165,128.19572782276165,843.5
4082,Rice,479.6441470802994,176.3049864627917,418.05489106709337,125.6167448425326,841.52
5960,Corn,440.91130013726206,190.1995507587423,391.95830552566247,135.53756621852654,840.08
3986,Corn,427.7869766990019,190.63641137432856,137.80367710271645,126.33822384180915,839.64
6970,Wheat,487.433388489676,166.51442800934606,112.0794393888826,130.37891822584604,839.55
8316,Wheat,458.4499352393456,180.1361112166363,300.09126334539945,142.5538288200308,838.59
243,Corn,469.1031475627697,179.24164047623097,338.3743163851792,104.23352207402266,838.26
6231,Rice,417.8611180644404,197.5208715658408,294.7197156989465,140.8341328621754,838.14
5362,Corn,484.8000920731443,171.7426067410963,314.2692015289251,119.64810886333284,837.08
757,Corn,497.9829362066109,162.57837013583236,138.5199472978137,131.87893215425277,835.32
8295,Corn,491.2729705097194,167.48095383798056,325.9659670284915,149.88036100475244,835.16
8689,Corn,487.709394626242,169.1659080133929,309.9954280594023,136.8720135942605,835.1
5453,Soybean,489.9976389211813,169.46621933798787,369.0125339331184,137.1247750475928,834.62
8728,Soybean,449.05348578783264,182.3580441389163,222.9085616553633,125.98488556069054,834.39
8820,Corn,477.94139475087457,175.02089867459668,401.7129601169688,123.67808435112411,833.43
9116,Rice,486.15683164831415,169.86913900540208,348.4502612668614,140.0138379811874,832.99
7148,Soybean,475.9142347181444,178.35901897097193,484.11495258815296,108.32474756816922,832.92
9496,Rice,424.81684676396486,191.7166781763123,230.05636636497465,138.02088872790324,832.85
5058,Rice,445.57541985958846,182.35384835103235,248.35792277117625,149.3722573306943,832.5
6845,Wheat,459.2162327278961,180.44296988952212,325.0344879774766,120.8957160948694,832.39
4504,Soybean,446.1735726349428,185.6423840002265,270.37613066673896,103.30311717421787,832.24
7228,Wheat,458.1782059046161,183.97474448555968,486.98098000624685,124.82090490180398,831.68
1707,Wheat,495.0208520363296,168.0724646160652,328.6243859007887,105.83747841775634,830.88
2326,Rice,470.5651446624978,170.77109383216623,109.55668247196822,126.54747928084582,830.6
5876,Corn,416.0710250603007,192.17715053623425,127.6037835468844,144.03431218210372,830.04
8259,Rice,428.8972283556728,189.7570334607984,173.9585149207456,111.33240517026296,829.87
9419,Soybean,432.56555134416215,189.9616525586471,351.1714238796066,142.0350092753538,829.2
4239,Wheat,471.2481692042111,176.92700245279008,371.1754588719126,106.90200826727312,828.72
1787,Rice,483.9733569785606,168.31029157587125,277.2182157886672,138.09379171088733,828.28
1315,Corn,462.2088811719239,181.80836056980064,486.1195979947413,121.69947826849398,828.23
5059,Wheat,453.76574797199225,177.99473987963,219.63607761259328,136.07206005398382,826.54
5418,Soybean,440.6632796966911,190.67430504409708,448.9102435825732,103.74271990981823,826.46
6695,Wheat,462.6143689436963,176.9573935877199,247.65817375807333,107.81220005540447,826.21
124,Wheat,482.94818171655385,171.59371605788994,440.830988548859,137.41843940914436,825.85
6401,Soybean,483.6182811354871,170.78329552917643,410.47150982497527,133.78347960551912,825.03
1250,Wheat,483.8695055453384,171.50556881469583,381.93141645286994,111.02497287401084,824.98
1450,Wheat,436.9766284715716,184.57300334427083,285.2643232199981,149.42389051971983,822.84
4933,Wheat,485.1103427443825,164.19755620087494,138.86284662951527,132.2577655348698,822.33
7904,Rice,489.4682652109092,168.51354265847914,356.5689281518074,106.64313570655494,821.16
8929,Soybean,447.0509380744866,176.3185125510492,108.3636771121812,144.30969223658204,820.69
7678,Wheat,489.2654689357113,167.875509871803,369.63227277686826,119.9691150966108,820.38
254,Rice,424.9783411299097,194.3330146170628,444.3906536659717,128.4350739083609,819.96
8430,Soybean,453.0906443986689,176.782590434445,270.5331891531258,141.87882030086274,816.5
2923,Wheat,423.1299570558648,189.1333120258549,265.83076987478574,134.5054688122746,814.05
7272,Rice,496.2175491561008,162.9521589502536,270.61650221986974,105.93948457402696,813.32
6091,Rice,464.36251053037074,173.57186953260586,346.97735074871025,136.92690170511597,812.38
8595,Rice,478.71418071655137,170.8659783673129,409.21576182388606,116.14724162790078,811.88
1029,Soybean,459.0885708996324,177.7017590771957,419.2223181211977,125.9787759352046,811.68
9234,Soybean,409.5424395589927,199.33350723074727,480.05445445332464,140.87582139547297,810.61
9983,Wheat,489.1878250248406,164.81767572696492,385.5897877164782,135.5412001165437,808.37
8715,Soybean,447.02263262991295,180.43523111620715,370.0919603090799,128.45499132755958,808.11
9067,Corn,484.718258481317,162.54487433945616,190.26360507897837,130.83010974646282,808.11
6915,Rice,413.9948086191797,196.9747065182881,433.5553922163276,116.8047310925427,807.15
9102,Wheat,489.1466250760072,159.8189504839163,192.5301273825882,148.68920932813586,807.1
2861,Wheat,488.4231044409797,166.9344955874856,483.2922416338447,127.2787336412562,805.2
1274,Rice,470.92795352945,165.194214570636,152.5708889483475,141.09441352805945,805.02
89,Wheat,432.84573062184165,180.24869867342275,109.76311005829132,116.61810721952412,804.21
5952,Soybean,461.9157235966838,167.64404005567167,136.86323351541392,144.88507883025335,804.15
3628,Rice,455.4705332134287,174.59585163263947,285.31160374906824,123.38218461099196,803.72
8706,Soybean,452.5639476816425,180.1212009383008,439.04205859565246,107.06437937654928,803.38
8839,Rice,445.647989466204,175.8602531402364,165.6621448415588,120.736769670382,803.37
9619,Corn,470.68608498049696,172.39816181614813,492.8686768556235,136.17645261274532,803.02
6795,Wheat,434.9140222364634,185.97665999996968,460.8683631046034,133.98332291519694,802.95
1674,Corn,459.9848736664534,175.44441560292955,379.4225241216047,112.2479695223862,802.75
2992,Wheat,456.0246661603561,177.59929870158186,382.7451853433156,100.7757196413778,801.85
4686,Rice,475.1514956707176,162.89385463966087,154.90173571154247,144.07816096577614,801.73
7097,Rice,480.81240546471815,165.72555885352443,359.0500513545447,135.45094083383304,801.56
5090,Soybean,451.0339820723111,179.562751085747,401.7231811334043,102.62937445091598,800.51
7317,Rice,472.9277632736066,162.66579989934604,103.41358340009096,135.33211226447182,799.55
6843,Soybean,408.1877295052113,196.0274341090368,392.9584553352889,127.86286409441276,799.22
6497,Rice,429.74785566619937,187.80141086177028,399.5220074195553,104.26010829576911,798.4
5276,Rice,449.7251013979193,171.0472673724341,120.4110492451695,136.63844919316398,798.19
4223,Corn,418.6653079480382,187.9265989938764,327.1669377531453,146.74206538140857,798.09
7743,Soybean,481.35230626984657,162.6109163427916,255.59692489964067,132.45893782848162,796.91
9842,Wheat,397.3874772239996,195.36932981969747,109.22491746828184,102.2433855960023,796.12
8502,Rice,467.58587871389625,170.48806836210878,315.576143567332,101.29035698648556,796.01
2360,Corn,408.6421082177508,187.1353750228168,108.4222712127576,139.3717475685344,795.68
6500,Rice,447.90281246214965,174.8191032551543,240.24424107224908,122.14856466701625,795.64
1428,Corn,441.7741065719807,179.80370912464898,399.5078791430259,136.39158171769634,795.29
7054,Rice,395.8082405441003,197.11828336148045,234.45320215036077,128.2559565102593,795.24
8721,Rice,490.4892062517969,155.7626044664315,110.46973109037648,138.7365433995363,794.57
3874,Corn,390.15427547111534,198.5387121626874,206.72912747594975,132.60388810978796,793.72
14,Soybean,481.94841517479534,164.5570086363353,315.894413578798,103.26755893389183,792.47
2037,Corn,499.6735905275824,154.39388883871453,138.85226399005035,115.93136338545796,792.36
7434,Corn,450.3797059403617,175.07721766882386,320.96875454353267,118.89001484221292,792.08
1020,Rice,486.89621536234273,160.42825958344514,243.4916698694002,114.08272887620336,790.99
5643,Wheat,397.6704368501014,197.44114659243485,376.72459638232186,144.12819323044272,790.73
35,Corn,419.87995300664267,187.0681623505312,382.46982659607687,142.60793698794674,790.0
3,Wheat,457.2603975211701,171.17938395811063,323.00334230465387,131.11323556467687,789.77
2801,Wheat,416.6106225183652,185.09605426363936,170.74319536824274,117.63109815943643,789.34
4495,Wheat,427.0908024362053,183.19000920838465,355.1102698208862,140.89038760164817,789.14
142,Rice,488.70116790709017,155.61848923543502,150.9448686391984,145.27711852251238,789.0
3100,Soybean,445.74514426644487,174.2749723596324,262.9451717239051,126.76661774185035,788.56
8544,Corn,392.8812494444708,198.35777685869917,227.43121013682983,103.96582025956316,787.76
7275,Rice,430.65736170722187,177.05353624902023,147.04183655759567,129.13076614131057,786.53
4971,Wheat,421.9182203217992,180.49514037380655,201.0517659212962,148.7852291618208,786.07
1072,Soybean,485.6534164525454,162.3255738756537,390.1710045118653,120.65808160266964,785.52
7552,Wheat,418.7610589018715,189.5860350413093,458.86519007257095,124.83765655024258,785.48
1569,Rice,410.2705657798742,191.3090285014132,441.60571943034654,148.31429371626854,785.22
6536,Soybean,457.47909693066975,166.80465295727078,137.90111818382377,115.43617787630065,783.94
2659,Rice,390.1791198950543,198.69082605656587,288.19730861651794,124.76596048183372,783.86
2324,Corn,416.6956265941646,183.3847492117385,104.7434486690148,100.52313204116008,783.84
8780,Soybean,446.7157269538644,177.1699489631309,446.1536585768445,121.39561096465958,783.25
16,Corn,400.6447487209915,192.60030048359053,268.40720091667856,127.10724508800004,782.93
9032,Corn,499.3824901264765,153.3922308886186,200.99681819220424,123.04190604550492,782.83
7222,Wheat,389.01617588758256,199.1423152112544,228.7756163671882,102.54421229130628,782.58
2886,Soybean,439.444144299351,171.35877876776513,131.5119678098187,141.7485538238372,782.4
2301,Soybean,476.4153288806383,158.35449725555122,106.19916094582318,127.1826919496726,781.96
4622,Wheat,479.6887737603289,165.68381556940346,454.8896175803874,107.8070358912095,781.62
3581,Wheat,470.7379559882956,161.9484023229533,153.8856580271833,110.08368170582756,779.99
8476,Soybean,425.9703655147188,178.9989455468323,232.3002732918289,135.15749712079372,779.8
4083,Wheat,449.265795794228,169.78454348250168,181.61077316482863,116.90453236209387,779.69
2915,Soybean,408.1810378597578,186.6914198011071,252.82714093076956,140.91752226261525,779.03
6296,Corn,394.6830829585369,198.47604915570065,438.8578616759816,131.75514418631712,778.99
6482,Corn,383.194524807736,199.6058778474132,237.0611502179325,124.97366999704624,778.66
6689,Corn,459.9385755930347,168.79580650462725,418.6516745354842,144.49795555706993,777.84
1384,Corn,476.4015470207728,158.79270930023927,151.16000578727437,121.20086059936612,777.74
9546,Soybean,430.0799156961452,177.62654249451373,181.32674482631177,105.85829925596737,777.56
5027,Soybean,489.90754480487567,154.0392049915254,201.94527345414625,143.4978921863636,777.5
3189,Rice,479.6562838694881,163.487749604079,488.62550014897175,140.43742040009033,777.45
570,Soybean,434.74665533167257,174.42601787053678,124.47576907919624,102.03827368200946,776.48
3329,Corn,487.0048834647207,155.71169274574578,138.21890175807798,106.27478917667446,776.38
1389,Wheat,489.4833177873927,155.0651748408918,150.6401281394692,107.60909206451758,776.24
2829,Corn,496.0591451183453,159.08431148916617,468.4573072424764,108.62986910749608,774.9
9422,Wheat,401.7248792715636,191.07929149926545,350.90699801869425,139.11815863310864,774.26
9622,Soybean,483.61900967166326,153.7258078036374,119.62613593872376,140.73078862972304,773.7
2940,Rice,461.6162125880839,167.86752786961767,410.7302542094672,130.9934597442861,773.13
8124,Soybean,419.0764582247705,184.7883972969326,324.60958671360174,101.26151889146108,772.32
8809,Soybean,453.04326133989446,171.19022377341065,456.9374231578198,140.44685634601012,772.01
8017,Soybean,393.6863423722997,197.3730641137078,457.26492575544006,132.71785400824186,771.12
2292,Wheat,464.8820777483998,166.92281302280412,365.1076758236271,104.96746304966688,770.97
6127,Corn,424.00958086860106,178.07609372563113,230.86218710711623,128.72316400224952,770.59
3897,Corn,433.1032128012867,176.4949249891004,253.56670797991453,104.4627546046814,770.39
5447,Soybean,488.45637347656,160.44697280878898,480.706400717836,114.67687143659752,770.05
3240,Rice,447.205876653989,169.74237303452196,226.2356524510116,108.78243921371032,769.11
9097,Soybean,479.3365839777173,159.38006845031686,372.68233701366745,139.4164873843427,768.52
5337,Wheat,395.3500071160675,198.7444415135045,498.3104394853496,106.45331001506452,767.84
1451,Soybean,416.125882024212,188.55245718529468,477.9739657302578,102.06734426179716,767.44
9996,Soybean,461.78441391779546,167.25900272179254,475.1421790100521,141.07936079153671,767.19
7771,Rice,455.4703253835739,165.34263906028258,261.44370799950934,132.86702709798203,766.8
7278,Rice,389.7084205283956,197.18501292076135,459.9892044590182,145.6237351309117,766.13
6148,Rice,432.1224819256896,172.79597814329773,245.99702603443575,146.72029882818376,766.11
4963,Soybean,415.8241767849846,181.8114670226337,242.4540517412074,111.80667431183154,765.31
3487,Wheat,389.5738207651883,194.36644826726535,339.9159150133765,139.51473171354172,765.06
5729,Rice,437.3832459139551,168.19866481956444,130.8439902602026,139.41009584459346,764.41
4431,Corn,422.44295265404674,182.6200498062016,448.7690866626123,123.85928976864211,763.75
2703,Corn,480.41118022353305,155.80807241661114,166.68345540851016,105.39137696344528,763.47
9592,Corn,424.5088524483104,174.053719217296,102.59235575324664,113.68284355622797,762.72
478,Wheat,458.44818266499885,163.57907499745636,304.0911592776682,143.7498123091437,762.64
3823,Soybean,441.71250477110937,170.25834943482977,314.51938345511337,139.93733648791337,762.58
2499,Corn,376.89822740158667,199.42546571605,261.51698778513054,123.15756325509744,762.43
1646,Corn,448.3485896330664,166.2057287507899,158.2773259668926,107.60161826737144,761.63
3230,Wheat,403.9240961671901,187.91741748380304,319.542201868313,114.70431996091952,761.5
824,Soybean,487.7044457752201,154.62678635768506,342.3981653640476,137.98366141986847,761.28
2400,Wheat,412.4490231776151,184.0719914382244,322.1198673838964,113.47507942142326,761.03
2087,Rice,410.1386206939135,187.4806352531757,417.667661817329,112.57493830868174,760.94
2652,Rice,456.8790369395742,163.28071030111204,181.96443387699287,110.27189722002458,760.88
1526,Soybean,417.7512990121113,179.16477502456314,247.7185458851076,123.4930293829798,760.74
4268,Rice,399.29439597565823,189.85495357064164,287.4220640001275,102.73868982475452,760.16
2469,Rice,445.533925874361,168.1763134653496,267.6382838748497,125.11743611167049,760.05
7825,Rice,392.8859572001956,187.8452932471708,199.0286157112744,134.34646016569718,758.42
2758,Soybean,403.4909941724608,184.53374841605017,256.30533802372656,128.15132747703282,757.39
9815,Wheat,395.5518784845361,192.21048370207453,353.7660378730917,107.69927697532836,757.23
4812,Rice,429.05430422624937,170.85972736661233,115.75126859491296,117.220259067218,756.67
4159,Soybean,409.3893733498555,188.9813445773399,482.009403927111,100.6726249196642,755.67
7796,Soybean,433.58713946695417,167.41699968376818,138.82599987060118,143.50605817697692,755.07
3385,Rice,497.0463242250664,150.37781576620287,369.402843569112,147.80258631172205,754.85
4000,Rice,456.30910037784014,161.45827335788186,143.0401821002538,108.01248996662042,754.85
3864,Soybean,486.8059821086497,151.10622759989954,145.56448678298094,111.94450941838194,754.62
4374,Rice,406.7256727719137,186.59480600476056,416.773191679293,123.26328171114312,754.23
5807,Rice,469.8631623207389,156.58703565708112,187.78916113920224,124.21711753299816,754.23
4784,Corn,373.860230149384,197.3929053752384,141.46388572403566,100.2361800775832,753.9
8157,Rice,426.9221390571456,177.67882089890486,403.24322369214144,117.80436351968991,753.57
9081,Soybean,374.2264923182129,199.7142419969952,357.77573276710206,139.67478668538075,753.51
5201,Rice,462.8563765076965,164.2247193582362,382.4024664413842,105.13944149908195,753.43
5415,Corn,435.6742580866818,169.65380839486983,219.87245508291363,120.55269914385232,753.32
8162,Rice,426.6643758116144,172.21926793787452,231.2752346351606,138.80440805270462,753.31
7368,Soybean,382.4749186485988,193.45553708337852,262.75102088745155,131.1872408201561,753.0
5065,Corn,374.4731086521783,199.97382614310328,271.70789966660266,104.32723811736798,752.98
5439,Corn,389.5203478096756,189.8982487041613,275.3293909049955,135.43455513451434,752.79
9289,Soybean,479.9440524653181,156.96021639056548,321.43291713083704,105.35711385701254,752.79
9771,Rice,452.1523716246336,163.26099095276228,167.48018189754094,104.31150797986491,752.73
6855,Rice,391.6537933817603,184.63017432352137,117.50443395026356,137.63433934179574,752.65
5440,Soybean,397.2748881835479,183.8393218854524,197.24980845238625,139.99573858987205,752.62
8789,Wheat,449.9714135500989,165.90240093992315,367.4602000173052,142.0071534325375,752.37
3646,Wheat,434.1674575431365,170.12496117125522,269.82524742487715,135.2998378263256,752.23
871,Soybean,376.16053300262087,198.3148691450513,244.52809417356548,101.7159481562136,752.04
2637,Rice,478.1791477369345,153.23853949542698,121.32337193243954,103.81440638999509,751.77
9975,Soybean,378.9683398956021,198.5914310917597,352.1873069294612,113.73268793578954,751.5
1487,Corn,434.05289353093417,171.62425037238876,272.2875206947669,112.37222520742355,751.42
1649,Soybean,446.80602662742245,165.37546052535197,309.28774068005885,143.8997454994447,751.15
4291,Soybean,389.04147225382246,189.4605173751352,299.1131612170593,145.87046105160425,750.93
728,Soybean,419.08669822163904,178.65915038174884,405.4770708568583,142.4125457548824,750.91
329,Soybean,372.23198547784494,192.82922379526133,116.2429265223305,148.57763076222346,750.72
1468,Corn,403.97736407468335,183.9051211339874,289.53262704838664,122.45398857414229,750.72
1981,Rice,418.8840967308641,178.10346717669523,324.26773514325106,119.72606210528345,749.54
5084,Corn,398.1702155735237,188.19538684100365,440.2775940207458,147.37001559311335,749.52
3951,Rice,423.3024604682786,171.63187766126953,199.13676155616508,142.2151128368738,749.27
4960,Rice,400.3613235631093,188.71458346707223,408.9675137611536,115.41857463284528,749.27
8573,Corn,396.0212264525241,184.0842891257988,227.64943070264908,143.37912701426225,749.26
9127,Soybean,382.8763285513837,195.36968426662804,417.012143742018,142.36662340240525,749.03
3733,Corn,476.1944630765916,153.57965355251616,236.89581423930065,136.7675328317713,748.68
5880,Soybean,429.4301060436781,176.9514380066969,420.3260381371999,102.21378796716948,748.51
6867,Soybean,432.8054072488419,168.74867308867388,183.4649866550965,121.6605169512952,748.51
2746,Corn,489.6338501164391,154.16223465593612,481.24298529815854,137.94208581333345,748.09
1483,Soybean,485.8121256511324,151.8689060265392,207.75031895217612,102.913392424534,747.9
7038,Rice,443.693974281119,169.96019112462403,430.0354924755659,122.4069462865345,747.82
1403,Corn,374.4562115794178,195.6886379975884,171.9499748886357,107.31417634722872,747.77
2574,Corn,416.5784164174997,177.48645638918745,318.65569458288394,133.53361356897148,747.56
8857,Wheat,405.51592435111405,179.8971943368486,143.65954248491764,107.87984253996056,747.51
2648,Soybean,384.69379958097977,187.6880409321853,193.81468342184888,147.89392712337008,747.01
3990,Soybean,429.9523192247589,172.9180966089561,395.4553397515897,142.73463847089613,746.74
1800,Soybean,384.0592210446602,194.87101402901035,342.05220862010333,107.00717928514052,746.32
1894,Soybean,433.34288867510713,168.6586754630785,156.86017251909198,103.49720660914862,746.23
138,Corn,394.827776070469,187.49088372928676,244.5589636539859,101.15147059953676,746.16
7900,Corn,391.8051926141932,185.47121433163272,164.2734376589765,118.89697035455858,745.93
6379,Corn,384.5311082419749,194.58771002579064,440.1711132909767,136.6344509269208,745.22
9433,Soybean,395.32670275825376,182.8714173032723,193.3612462336847,137.9064671040745,744.98
8740,Wheat,396.5939509618383,181.73623429190135,196.09059518711808,145.41145767760412,744.77
6487,Rice,456.3603020960469,159.00911254003566,203.45406129091091,130.60950823819803,744.49
1769,Rice,431.4120229566844,168.25168458963452,250.94357652517223,144.54429868630066,744.13
5331,Wheat,462.6887676896271,161.53575187785995,467.7192504378978,142.0474378320365,743.25
1628,Soybean,421.1739894792794,171.6382069345044,159.9916648230663,119.70754752723808,742.81
5519,Wheat,435.4693172045768,169.44850684126533,354.4562235916072,134.116749409642,742.69
121,Rice,403.22227095419527,178.80390653197955,158.3018355380191,124.38361324787697,742.46
508,Rice,492.5884561682674,152.30721582424383,454.7970595910989,121.8740100825032,741.33
4845,Soybean,380.1175922710473,193.6183927464752,375.87356371258704,142.35030255803372,741.1
5651,Corn,443.3617951366718,167.26034653861694,448.0368210988053,146.43193116580846,740.69
1203,Wheat,458.2519310982409,160.08049519537144,325.9801631517297,130.6353837590422,740.16
1597,Corn,495.5647336244343,150.47211059602665,386.3325407521876,108.60508004726717,739.63
673,Soybean,386.4972054180735,186.20073502695325,166.79134637972268,121.9620953703618,739.57
3906,Wheat,405.8769358067637,178.3184549979289,220.59790429246976,123.15498995822608,738.64
3241,Corn,373.8043714464085,191.36294854976413,112.85638383206718,113.71969149757912,738.15
2431,Wheat,434.9392884328654,169.5202011758447,371.83729309012944,126.03043677940866,737.94
6128,Rice,404.97421233773696,184.39392119974303,456.60586423415793,121.50145322272556,737.54
6626,Corn,460.7655257868447,159.24392952508805,299.53163880579496,110.58722049633816,736.96
6719,Wheat,467.6497351864716,155.90195048475863,313.7385757293723,130.77636136386178,736.93
5278,Rice,431.598435889103,171.26075846751615,389.8411288111912,121.98125180848616,736.77
3916,Rice,421.5635406857244,169.66101649242609,220.36577535789425,145.0432958925095,736.71
7811,Wheat,458.9581731421901,156.21836136442073,130.06784461715415,105.49701617396067,735.62
8897,Rice,408.4796350836472,179.73723884675482,397.2893541083298,136.78435605089567,735.5
9451,Soybean,458.69556528041977,158.93755822667487,321.2995320041304,128.34665051230215,735.41
1340,Wheat,444.1354921660392,161.22950140673424,202.1837348435231,130.7001822579305,735.07
9510,Corn,424.2402889975493,176.1358588290365,435.9154523175944,104.67820273209472,735.05
2344,Corn,395.3540671430068,184.54895332207337,316.1553166043346,122.62207878722847,734.79
2552,Soybean,392.71765876620304,183.91178339267265,249.1332552084752,121.67205630050252,733.84
271,Rice,379.2544803647445,188.28104997599496,209.11227262831892,133.85205956718522,733.31
7051,Soybean,408.0475616597881,174.45495247495546,129.97069241260752,114.81956499193518,733.31
1454,Wheat,442.7834455701517,164.52559131502943,324.6461666683244,123.3629816726858,733.04
6835,Rice,465.1898189443596,157.1826502380614,295.2270664770874,103.9919418138518,732.87
1094,Wheat,399.42823487257743,182.5899740703044,291.4944589440805,104.7206204274344,731.58
9173,Soybean,450.4916098296703,163.7406803398995,386.664273583172,104.73991281327712,730.39
8382,Soybean,474.562395032897,153.03186370946577,360.3427573022025,133.6143193497742,730.28
1099,Rice,367.8829373657716,192.4827709311621,189.4551779576557,135.66162137904243,729.86
160,Soybean,403.52558349399874,181.2667386811653,466.336277815597,149.93645558909662,729.8
2821,Wheat,400.6509722544997,183.51856341999047,437.8379530116895,125.67653929804926,729.19
1697,Rice,433.28610098098216,162.65696846846745,166.44110227511504,136.4775576596394,729.07
4988,Rice,477.1951859195853,153.5253437394805,434.59512871705647,132.27006027870897,728.84
6798,Soybean,352.3117172140438,197.41775215862376,104.11000093488366,145.53417939907206,728.78
6196,Rice,399.27343248432265,174.93627832765495,127.34026359304032,142.44834402622695,728.47
3907,Soybean,417.0123223832638,173.6218470348871,353.17757563192754,128.79554143555043,727.35
6038,Rice,397.830251070534,180.4393222445721,251.37171189504608,112.9305563830512,726.58
945,Rice,383.6198261508159,186.47274906241609,227.4548814018122,110.5983261221184,725.78
187,Wheat,456.95602982406285,161.78471710411551,491.82443292286746,113.55526612311496,724.17
3828,Soybean,399.86255383780895,183.2547264762453,438.4701511894503,116.05458133345768,723.74
5544,Wheat,415.1176371628538,167.65154625355723,105.71947129167532,123.3516228983704,722.38
1807,Wheat,383.59304616288085,188.82205485644968,321.0929241485517,100.03177120478252,722.21
5631,Corn,447.992768977608,160.0733044868522,410.1285950266522,149.5567532400076,720.97
6635,Soybean,382.8657470134245,189.66443921386912,466.4168502536445,137.3348829401113,720.72
1533,Corn,428.2145166695371,170.30082568285732,491.3097699800528,135.23933325774567,720.69
5610,Wheat,453.1462399443289,153.4459115348042,139.28004304368426,130.48890253514696,720.55
7103,Rice,364.7147571393523,196.59544945027025,396.89253789034336,143.35209931410952,720.33
2010,Corn,440.7913234192417,160.7074671656992,321.9121187887919,144.25856019651354,719.47
785,Rice,404.5456254458495,175.23285275225507,227.8271021365384,110.70247169638552,719.32
8712,Corn,445.2688149595151,157.59188103958832,197.8432930328729,124.43882317847977,719.25
9414,Rice,370.5397292192794,189.1803668077805,159.23429030921,112.64731142627062,718.86
8078,Rice,447.6452517238625,159.0631888898252,340.67046295174566,135.64860916551896,718.67
332,Corn,430.2977016451434,165.54067886577394,320.97638004178805,128.0871769064363,718.65
5786,Rice,444.88854293480574,157.1471091887181,125.0084099986617,105.93575347923336,718.41
8364,Corn,383.6446799830944,184.57046239783816,275.1593011058943,121.78453730192037,717.11
2528,Rice,374.357275508072,189.5948350894376,362.2551172876915,144.94684893528887,717.02
8574,Rice,462.4115874480654,155.07398658790368,360.0183195006073,119.02410990223008,716.79
6157,Wheat,370.00426308173576,188.65949150856,169.7782954118748,118.48667066195031,716.62
8319,Soybean,398.8774814839515,174.59039422304713,214.59527759850977,137.08181224122183,716.07
7931,Wheat,450.98889324022673,156.54022757846795,262.91609111019824,117.59430584662228,714.97
839,Rice,386.9151769686579,184.11963576663183,356.10744662655776,126.77175383319252,714.81
7187,Wheat,369.0028557483434,193.03869214188225,390.9856422756226,137.71349349191368,714.53
1591,Soybean,475.099805347928,152.8042072906537,421.14109484253646,100.54914564850066,714.02
9182,Rice,400.8281166910044,176.9596466261595,261.95714669699584,101.9875499950344,713.7
4758,Soybean,410.26306994575134,175.2661383281671,397.8167148009457,111.65002641363866,712.77
5814,Wheat,384.3521034232893,185.7179808346353,444.59233884614434,143.4615127849583,712.39
911,Wheat,407.2309027702479,176.1070225989343,488.1014167046819,144.12549601841943,711.59
3966,Wheat,356.48701110016475,198.84860971849855,401.7675718685632,142.79971193631528,711.53
6316,Rice,399.6615090326299,175.88019317609783,348.38595931759403,142.7340441904186,710.91
4510,Soybean,422.0874703247714,166.81880372955476,345.6969827538402,135.70785081107243,710.26
3159,Corn,448.4778797209262,154.99548774735018,257.5026240422768,135.53755080027565,710.03
9021,Wheat,390.9220055190828,175.53097010434453,174.48577772253122,135.24397559889002,709.31
2470,Rice,370.4180298089431,190.26564631866955,256.0313656618434,100.27446536758868,709.26
8235,Wheat,451.5389423424033,152.59583745509642,148.6422234457129,114.75497056761895,708.59
4657,Rice,452.4500592172837,156.85181357320033,399.4640055706674,128.8199803349612,708.38
3099,Wheat,427.0101466480405,164.94529205817787,325.3550536231296,120.4997292853594,707.95
1194,Wheat,453.7441790766591,153.3077843375779,274.42840977574235,132.35882270722027,707.89
6366,Corn,397.1864478062705,172.41681348730415,106.90441679604332,111.67290202568928,707.63
4186,Soybean,448.3096512346351,160.60087994299403,454.82789910563145,109.80569343419,707.45
1373,Rice,362.4390385755968,189.5998435759319,173.25439927262244,124.7358854997996,707.28
3713,Rice,355.96013901113844,195.84967379878847,331.6617731439246,143.60008229670316,707.06
5141,Rice,462.5499753651589,156.09303396519806,462.989892052899,101.0066360894225,706.01
131,Corn,420.9962959155844,164.49784105116584,254.30156343233335,128.2164264546743,705.56
8999,Rice,429.7611287016157,159.48645683450314,131.2941570296029,108.32609837677344,704.78
5965,Corn,369.51153306662536,193.1536798828312,450.9098064488418,120.04731972635597,704.65
3997,Wheat,471.5288459293981,150.73022399560125,454.3145593605665,130.65500064271214,704.5
1437,Corn,396.60499182725454,176.30769151262675,314.0318511755594,121.88892926748738,704.41
8359,Soybean,392.3183971221149,175.13122593185636,207.24022972496613,126.30261671050152,704.24
8692,Wheat,390.1533752385672,182.038509514584,438.6978375986066,123.09025656101088,703.29
3879,Rice,422.61052822757216,164.4326055710963,269.4831937398592,114.95694865726016,702.45
3311,Wheat,396.9900328082796,171.011612249787,207.9385309092163,145.01088024460023,701.61
1013,Wheat,373.8038662037835,185.9294423204602,368.13513524101705,140.205705736622,700.26
4953,Soybean,370.5167922023868,187.1949951059327,272.09391719155315,112.8196013733781,700.23
5947,Corn,380.371668271262,184.6998008001288,411.2831077234441,129.37080500418006,700.23
707,Soybean,446.8117896502588,154.20322395806977,276.92553917098746,126.5284396283695,699.26
3616,Rice,438.2628674167285,153.60573099027152,177.6787683120885,145.06016652845182,698.95
7152,Wheat,416.86840009807474,168.54997518456798,400.531345231655,120.90125726460444,698.85
3225,Corn,441.1809753842809,161.09949507290526,436.549911682725,103.97035770485618,698.28
677,Corn,368.7631713178965,188.91067213104287,311.1384325570698,108.32276456224372,698.02
4640,Rice,411.1154153747472,166.9477651267557,289.73399389545165,134.47343927370963,697.72
5088,Wheat,372.96680905999744,180.3319534698527,150.72865692991894,132.65393031626482,697.3
9266,Corn,358.1417561261163,196.01217025377227,438.60715703632326,128.71525629754365,696.76
2843,Corn,341.6774005897352,196.82355752753023,184.701595397444,142.33450527579976,696.73
4153,Soybean,372.2762834935112,185.22231077928373,386.33891715449096,148.94664015600296,695.59
5860,Rice,407.4620798165172,173.84407736572695,465.8741655902547,109.72627887956526,694.68
3661,Rice,380.28182880257447,183.7478735516017,431.28347350510273,129.7092425426952,694.54
3886,Wheat,382.5187267842714,179.88296326680208,274.9211372438451,112.93951042046862,694.48
9776,Wheat,400.67018041049056,166.75048811350172,173.44986066363614,144.02967057126182,693.98
5136,Wheat,361.1793807031412,190.13800546754223,252.68362083495072,106.18925762972653,693.33
3670,Soybean,429.803571500037,155.87337670161023,110.89113688352484,114.03204052592665,693.07
394,Wheat,411.0493309807324,169.1190892209682,409.2540307097182,128.98066343114087,692.93
7280,Wheat,354.9606079267928,191.9588827515972,257.1340139654251,116.66098935404985,690.66
4464,Corn,360.0733786271075,195.02696649749973,430.6107228033269,104.90631140152134,690.65
1575,Wheat,363.9215459959901,189.83665803453795,446.4235869147903,147.84052746046996,690.57
606,Corn,349.4337242885081,193.88977708118296,256.59842043111564,128.58707456570903,690.43
524,Soybean,400.1527596654285,167.30137400458077,169.65472006371238,125.64000080733123,690.19
4427,Wheat,358.3255793096083,186.8403663242814,180.8927571698796,128.7926086368024,690.05
4683,Rice,405.7018078034055,163.55584439415935,181.98436308343284,148.56505714227902,689.92
9791,Soybean,355.3251049969319,191.7144616554421,330.7775061974154,139.1853652693886,689.89
415,Rice,417.93518667982704,166.3084150800245,437.4910552495164,125.46434668985955,688.95
7065,Soybean,361.53303497763983,183.46650520251364,170.43958049796063,141.85513670283132,688.8
8230,Rice,395.6770305064932,174.94982334324152,465.56773863079593,142.9425839665649,688.56
2307,Corn,374.4842234143397,187.26005720265923,452.7460785438104,104.54159382382574,687.35
1933,Soybean,418.6980053394051,162.38260025295864,295.8891358219934,121.75061697144542,686.83
2950,Soybean,368.33365734491406,185.3627687829023,310.69583620466227,115.9009186354476,686.45
5159,Soybean,400.58318653590936,173.06698732739642,427.2777146408165,116.4509115595866,685.48
4102,Soybean,431.00625591710224,160.54826546017716,444.9608620954589,126.0088393294144,685.28
5616,Rice,394.51615865532006,174.63296685231876,438.9108017593607,133.86745508509193,685.22
5747,Wheat,439.1030775152389,158.72436167748842,490.8978709132902,119.35031180354116,683.68
4528,Soybean,366.1190526043729,187.29784749825905,345.1717298951385,108.02172624265016,683.62
5143,Rice,338.174335739277,197.1049967767964,136.72580353322576,100.09266558138586,682.91
6998,Corn,409.0061674934267,165.95320819957675,361.466336808904,133.71043164125618,682.73
5144,Soybean,358.40858325024294,186.85651170969723,196.9374450133296,105.8696208584362,681.78
7263,Rice,333.4189693682506,199.4721040430012,208.742803357086,124.37458360393532,681.52
2332,Rice,440.7785433226324,150.67033717675557,249.95923915898527,140.99292904518282,681.42
6611,Soybean,348.04576932589146,194.08392797237013,322.4044008080286,126.82837680239273,681.31
4048,Rice,390.4742884946512,179.19743781288827,491.0940506788954,101.9003658668367,681.18
1503,Soybean,350.25261840373446,188.5170263931333,243.78911983378123,148.99176972631324,680.6
7785,Corn,339.2611808915372,198.8037082040086,389.5391699964249,149.09934715244194,680.24
6388,Corn,362.3777418080563,179.26844450600476,123.50043064446092,139.80776725667664,679.22
913,Rice,405.42996434792695,166.50370115668696,288.4761285441919,107.71997641361337,678.52
1632,Corn,358.65239661812615,187.90318713039187,270.538981641986,103.69543838301428,677.97
826,Corn,391.9135343861637,170.9618074009422,329.75422955110093,135.42318719928687,677.67
9785,Wheat,416.2724399348097,161.26043020632488,355.9636004957449,139.53069603149362,677.55
9267,Wheat,422.6579382009669,162.59950227535984,483.18730350277286,126.81876512029432,676.97
1301,Corn,421.42497163824544,157.81972901250072,220.628858253774,107.31333342725615,675.22
1229,Corn,371.5737074769001,184.7869293239009,433.5622415165205,105.07529311244046,674.79
4718,Corn,403.3234705784262,164.81040866644526,292.49641407233923,127.86228480787275,673.83
8405,Soybean,373.5906953990992,180.2572544710684,415.4367137550943,137.48403625966637,673.13
8498,Rice,398.3672526478237,168.77882223183772,332.4899378250397,111.50782624989792,672.56
6254,Rice,354.1640539756105,185.7546619218179,236.59980905518125,122.1556557265824,670.86
4757,Corn,387.9708700644912,167.83979879557063,191.82936954811169,129.37890547461285,670.8
7021,Rice,368.0338123228486,181.7290490003152,422.87479113396233,146.27330901369874,670.42
3680,Corn,354.89530578399143,189.3473618523439,389.7538504477056,124.14033351638058,670.25
3565,Rice,360.906381668113,186.4608543438681,460.3922720559594,143.96699842859,670.1
8262,Corn,375.4287396312221,171.7850135652501,137.39493600520638,129.3441573438562,669.99
6580,Soybean,327.5661174780555,198.4875847092802,153.70822947883863,114.99661964277225,669.31
7752,Wheat,366.6491069439455,183.62979844057065,452.6242158948252,136.1493432209333,668.86
1937,Corn,384.667966564516,174.92664779024085,352.3561262957248,103.12239732350784,668.59
4411,Soybean,358.52857947097897,185.45004616938,367.9608629253482,134.4438862688944,668.43
6952,Soybean,374.7898868775939,172.4624212492572,121.46419074356984,112.52877346560663,667.98
5586,Corn,436.9081120243943,152.5969675828743,426.5167135544466,146.25119716159776,667.93
6971,Wheat,373.71671103107576,177.529800632326,273.49570392743806,105.68300975616457,667.81
1492,Wheat,362.5623373146633,176.47822348722752,125.80742932409636,134.64721462623834,667.66
7305,Wheat,343.69031590301176,192.4533548854791,381.14163118087305,147.59307430055946,667.61
4839,Corn,368.8822173137781,181.34365139567583,353.25025283422343,113.18343095375,667.57
8142,Wheat,353.2667965694128,190.68841715783,483.6714616846853,138.70383162420254,666.88
7326,Soybean,409.5040982971232,165.883567520358,449.1669860628482,104.4484276841122,665.72
5304,Rice,338.3620461504719,194.3718777665597,261.17422112336726,113.50427807639954,665.61
5940,Wheat,414.8158855705001,161.1774924367942,372.0837468379223,113.19225555186712,665.34
900,Wheat,401.37528425763895,168.46872593144343,491.0939232577527,127.2593319444076,665.26
8813,Corn,351.2431724059205,190.2907589681649,375.7190413253471,114.68339761418916,665.22
1493,Wheat,338.64166214920306,190.7391715571077,189.4779730828112,125.68927765062756,664.68
6245,Wheat,403.1848257662367,163.6256819180524,287.0082498826684,112.10998744766746,664.65
8621,Rice,414.10126856875,154.3158819331723,177.58237910868797,144.6129034103696,664.65
2074,Corn,422.74995633308407,156.26466510044887,359.0063425989333,132.96541627460527,664.6
2143,Soybean,376.8267714361296,169.14616438025024,101.4024327213368,124.33903834504976,664.55
5435,Soybean,351.5945982898892,188.62631101418816,426.5758840800957,146.4951199354398,664.49
7882,Rice,388.7333949645287,162.5790925798617,108.52479139357536,143.21078015248435,664.11
6276,Soybean,371.23119099706,181.42206189022815,484.4049925872173,129.76893422426053,663.99
9862,Rice,338.25491174509887,193.21890912672535,224.22715548929668,108.76756111145932,663.78
4513,Soybean,397.2014656432934,166.60864632154116,293.4722653717663,103.22894839353684,663.39
1781,Corn,400.2488560471977,161.64718562399185,213.9908332654977,119.79918542147836,661.53
5446,Corn,415.734293365633,156.73524386956984,284.8555609867584,127.98313895440846,661.51
528,Rice,422.9675623929463,157.04299334577786,432.8518485526935,132.13719343273243,660.6
95,Corn,355.2962897170148,186.85146051590348,373.4585015114646,113.32436360033869,660.53
9336,Rice,367.6661620622164,183.84436563369533,473.83766134951526,106.50158932790848,660.5
1198,Wheat,371.3595401467256,177.94688615630798,374.1488624243137,120.95382552164978,659.69
8952,Wheat,372.6436783093586,170.87575590458857,126.05071582232443,117.96933431059897,659.54
6094,Rice,333.45067572578296,198.5079733613491,329.75997904848725,100.85707643267976,659.21
1040,Wheat,373.2300965561541,171.22265427259322,197.19296352789496,132.6244599718681,659.12
9264,Rice,357.2613381258775,178.40288126757022,199.3460616860674,136.49831127366664,658.38
6651,Soybean,367.4202446312492,176.08585781985403,253.34846653052412,121.66233608738662,658.14
6000,Soybean,328.5661200635227,195.5233495781036,219.75375547719196,125.13112995959236,657.99
625,Rice,408.4743155664493,161.51024187510598,322.5600704492131,100.78617963600706,657.71
6629,Wheat,402.6192182143546,166.062379352578,489.6387126803237,126.40505548080884,657.56
9566,Corn,420.9330044940868,153.38744756411634,325.4910457690312,147.84683004136156,657.46
2773,Soybean,336.3378513864881,196.2973110877568,462.2612809795369,144.10198550866298,657.23
641,Corn,342.24827782790953,188.45986047578583,220.66943787874908,113.39327292771917,656.95
3375,Corn,356.16863238187835,177.58616112564317,155.28904738082403,130.0864157832648,656.0
6190,Wheat,412.0028336449581,154.50973516361944,216.58115253329203,136.92054804178755,656.0
7481,Soybean,375.05696559911615,169.36757181728495,122.21695703118196,106.1588198800132,654.85
6522,Corn,364.00476334898747,173.54844192137642,177.85328529509127,135.64925077138997,654.63
6791,Rice,332.0107285963668,197.64172638455588,373.4201838723391,111.97165530663588,652.44
399,Wheat,358.1932825932945,185.1596708396509,414.6544274141997,102.06243286268212,652.38
8391,Wheat,421.9380681859709,154.31613924040798,423.3465295510334,144.67229269340058,652.19
9302,Soybean,431.34488701756777,151.33574075023515,456.3232063987346,147.86233653839497,651.51
3010,Rice,368.72387084296594,176.28800834950286,300.4006112076356,104.78339152915252,651.41
8221,Soybean,360.0144550568368,177.82873271748429,263.68276366202645,122.13365895991971,650.48
1991,Soybean,398.1022645281188,158.99537206615406,179.91521001291434,117.55783300482648,650.24
7135,Corn,400.2571479768695,161.3385018511583,292.44391782311845,110.34876756295388,649.63
3538,Soybean,342.34509097484056,187.44258300758955,230.12841578742515,102.20588617307922,649.35
162,Soybean,359.6827774156498,185.0475004005978,489.6295551464369,106.50284976438884,648.57
5164,Corn,329.8496137864171,197.14013445326907,437.7753398166575,139.7026395122013,648.4
6288,Wheat,362.9583217574038,182.6631541217589,459.40567976636993,103.62739813902758,648.14
6550,Rice,366.6850185558293,176.3422556924792,291.4725388015407,101.19937967877196,647.83
6340,Rice,358.6358920421951,180.99465440321893,363.6737879160529,116.92059423046835,647.82
1490,Rice,358.97461428122585,176.2019169982939,294.03883110055017,145.1288045388031,646.65
6705,Corn,343.4526091391131,180.36438953713255,189.28491262756992,147.8407478736328,644.89
1023,Corn,328.973598734261,197.51374626076347,383.9576647851727,110.36850295395324,644.48
7705,Soybean,386.4345705272631,168.29133361231405,412.7362935807258,114.6639684177294,643.46
5168,Rice,384.7120015548959,164.35531762425552,247.1232188642994,119.53720247649788,643.44
9661,Soybean,358.39731375176507,180.6389096449388,459.8408996327439,138.68869053603387,643.03
9705,Wheat,372.8266353987984,168.6207454106093,297.8390375887052,143.8104717915213,642.02
8568,Rice,346.7266063368405,177.4806370271654,128.35828019263116,131.27724351226192,641.92
3306,Wheat,359.9479174447941,170.31158480490222,126.40145757430594,138.40063673521246,641.91
8760,Corn,353.7237605834447,180.98332347885412,349.9041251566904,121.68026434177996,641.69
3967,Corn,320.5803869019419,199.081623657158,325.4320581354505,119.85512188355864,641.63
5325,Rice,396.93318914878654,157.15615061526617,236.62187120515955,133.45186983534796,640.18
7777,Rice,329.0280736256959,186.0349456650004,146.19742537731204,139.57737743666945,639.36
8102,Corn,365.058497854136,177.9319992487371,454.2666421279681,112.69195879944228,637.94
1554,Soybean,359.6304941810223,178.30843490450934,388.4520054336421,117.27066846266278,637.59
2817,Soybean,349.03524791889754,176.85578239533686,232.7337970203259,144.5203891291108,637.37
722,Rice,340.73679417885467,182.1591501723722,206.3228376014277,124.13794825953757,637.29
1188,Rice,368.9635629279876,177.21964202940725,483.1773355804912,105.33751041270884,637.16
2210,Corn,410.3136657290139,154.21482075432112,372.6436744375202,134.1430711435208,635.74
6371,Soybean,337.06818000626066,184.4657236141613,250.5282663415788,128.56270957055472,635.29
9181,Rice,410.4587195601761,153.56429545454938,278.08497511892404,108.75106494403104,635.13
7919,Rice,410.9331329826344,151.22759337152874,282.1261631672607,137.19669420661526,634.39
2896,Wheat,334.3120933470952,182.40192685512648,150.15266241005747,131.05481844492817,634.09
9982,Soybean,391.4546266047695,155.7989235189447,192.80057195427247,143.4797808441652,633.65
4136,Soybean,390.5947200700679,159.02015836352317,210.80833195232455,110.93253812338084,633.32
6368,Corn,315.4631241395865,194.1808527620672,101.02695336329224,102.71386446495632,633.28
6640,Wheat,404.5701201061549,155.00970259371684,283.0560924413453,113.48417573287006,632.86
5742,Rice,351.5091774875083,179.50670252892033,300.2515921550369,106.12489184391382,632.79
6984,Soybean,344.4676622265018,180.6327950856657,264.6691257190753,122.99912327407648,632.65
9232,Rice,402.8066343322585,151.7022340988825,113.59773299931172,105.02702315847536,631.21
1249,Rice,327.9429940066214,189.66413331864896,324.4949295094938,138.8140263847833,631.18
8669,Wheat,373.49745973047226,165.53180583874632,221.51473319494977,116.30570535393348,631.0
4943,Wheat,330.10180488127827,187.9112422311419,281.3081220841111,125.8471081543147,629.92
8457,Corn,397.83441995592045,151.83928532009668,110.09604905652992,122.59595723355652,629.84
8178,Rice,321.300943092125,192.6756657364975,243.19714193010145,115.6257101278413,629.44
6029,Corn,331.1885147289417,182.06223851652663,123.45886106740892,128.09668159746727,629.05
7910,Corn,343.7431701801841,177.3700213148569,192.6849832567389,127.73980446144604,628.75
733,Rice,326.4940536183909,195.16341267002943,486.07464284224005,133.07487471286058,628.51
7262,Corn,404.1687209764866,153.25561723312936,283.4692922565875,124.3277075983694,628.36
5535,Soybean,402.47625895540233,159.7954028059147,483.6114806392265,108.81503665265024,627.42
8488,Wheat,396.921350299836,152.7571318357452,184.8720283097769,130.34695125877374,626.94
8967,Wheat,414.8629076976287,154.09258002480493,461.5217391113666,112.12376598094691,626.76
122,Soybean,344.98454605750953,181.28383392869145,346.850064305188,119.6022897005835,626.6
3935,Soybean,309.33477050944884,196.1877005238596,149.31402605141355,114.19183491545306,626.2
4006,Rice,385.2525174125881,163.32459812181727,349.45607788408233,104.77184483594482,625.7
4634,Rice,364.4858585110383,175.96987362320124,464.8805790803552,102.16153243216492,625.55
3591,Soybean,388.5318563338043,164.03202055383048,421.784985185217,100.75476073678652,625.36
7573,Soybean,379.155788884672,168.69595493876733,495.6964632058152,116.18123098583123,624.91
6999,Rice,360.6432342171459,172.75631625692262,334.68384605050886,116.77779836319608,624.6
4156,Corn,305.2035144305182,193.78394890716768,120.00269340536178,148.78679034705402,624.07
1185,Wheat,363.553921675666,168.033653798092,209.87932917503508,113.62347950687428,623.99
8127,Corn,316.314075806656,197.5922332590713,340.654673407029,110.1458737051878,623.99
3090,Soybean,348.8222739092586,171.54418092141458,154.76493597226013,136.23680659725403,623.78
711,Wheat,370.2115078235611,165.91757645532846,249.31448420779887,112.66465300171802,623.11
1711,Wheat,357.4280539696392,167.38550385483853,167.5442097069067,138.52024932310525,623.08
7153,Soybean,387.34720043661815,152.66684205228157,111.1096092071445,142.1176526785977,622.88
8671,Soybean,330.6628287751312,181.5921311507041,225.9786038986638,149.224822978061,622.63
4544,Rice,409.9464664004717,154.63913267229955,469.374443651362,117.5354131612978,622.26
5109,Wheat,356.9621474667559,169.7810012611302,143.7858516250934,100.52087738411596,621.83
7729,Wheat,338.15428659320514,180.46051896176516,204.41969595179927,106.24158266711429,621.67
6140,Rice,369.4074709852061,164.53816705676655,243.1771882256703,127.19065789877942,621.66
6509,Soybean,299.44595422267673,196.62524621432743,111.4733104337156,145.0577469848796,621.16
2517,Soybean,304.6937050368682,192.9714021545672,105.25675334360749,143.23848740133775,620.42
7548,Soybean,304.3225331973669,198.615292577764,274.9947988631299,144.21059358621375,620.19
56,Rice,360.1303309370068,173.2419613655144,405.7668836471967,121.10240472919124,619.65
7658,Soybean,392.5653011707237,153.20195992676423,194.28688201089176,124.45029096978908,619.32
5907,Rice,314.56483464112,195.84596012652912,274.80050462121386,101.84249218871057,619.14
7500,Rice,335.6938338930866,182.649228435568,375.3641855944061,144.43849816128025,618.94
2619,Rice,388.8124815414824,161.25170188561526,382.6487815164584,100.4325634773342,618.83
4501,Rice,344.32953821466106,175.9223696545634,219.85441419963772,116.82402910374944,618.81
2525,Soybean,372.1024480021088,166.50272917465082,312.7145416452716,101.54551346071857,618.75
6115,Wheat,348.6236008828941,173.19302480842464,256.5675725330292,134.34751227104744,618.44
6659,Wheat,414.36883276320384,152.94674886475497,474.1294629558392,106.3409534675078,618.25
458,Corn,313.1896641585804,192.7809712640484,178.5499529318255,107.68794646095216,618.22
5770,Soybean,371.49896379745087,159.2057552180318,112.05345051267004,123.9794025906354,617.44
4745,Wheat,383.5511209907437,160.81569244201756,321.2871182345877,109.16126874054692,617.43
6732,Rice,332.02528920786426,179.73945302153726,166.71819868323746,124.0096305497257,617.31
2796,Corn,316.79392359617674,195.1692982647945,460.2680847863769,149.8172879067974,617.2
5166,Rice,343.8778928387183,180.7122713988703,370.4729578856601,108.65820628939495,616.98
1317,Wheat,343.2777483733724,173.73872037520886,194.70768204079909,131.6175020302623,616.42
9716,Wheat,399.5099576396609,156.21701585887405,460.6429118182858,126.83552718391864,616.09
9415,Corn,408.7142599000681,152.5182250335589,499.6236234396644,141.4212455869478,615.83
3836,Soybean,367.17626346603,168.41449238220275,424.7161975015781,130.536280189301,615.07
6303,Wheat,327.15283021253475,182.78166072204996,253.1365758550224,141.29112165118477,615.05
6805,Soybean,396.28959530019256,154.92189202922327,365.5803765643806,125.5698404313964,615.05
8679,Rice,402.1655690001145,153.02723820790206,394.2824231044057,130.0061350141544,615.0
5196,Rice,377.8278787192633,161.91133377256216,298.84949375545057,109.74438674997046,614.78
9087,Rice,345.9810675950522,176.0026363927679,389.6053994643573,147.33087642786643,614.17
9898,Corn,313.0945706288485,191.966667511642,316.61454975784363,145.2665444332884,612.96
7720,Rice,340.0897734453668,172.24134652718217,117.10781083182988,129.36114483731677,612.87
7674,Rice,345.4401633191512,175.14624926738958,349.33261189253443,135.553607823797,610.76
9349,Soybean,376.8927769870399,158.08525510869504,198.7646468346603,115.76789271104148,610.67
7158,Soybean,311.63670936027194,199.48881290100712,466.32276171828727,115.9298479931318,609.83
8512,Wheat,305.72489914000465,191.71253171294623,181.3641578220328,138.49452856682137,609.52
8851,Soybean,404.117305135953,152.8247165924825,488.09878803145807,135.5667692071437,609.45
6549,Corn,326.4991670008436,184.7452438079441,371.4621236727052,144.62207506549487,609.43
8652,Wheat,340.7595425179437,171.8751845484445,127.30566452810272,121.17897049438,609.3
3106,Rice,346.2834799926949,179.6264373989575,483.0112073616072,117.87610131575656,609.08
5637,Soybean,345.1653383819232,175.1272037636214,315.14684227068744,120.162018514603,609.01
418,Soybean,333.7725099399156,183.294890417923,418.9190009490845,130.1625084762971,608.94
6426,Wheat,305.88375793972364,196.30002181271985,237.0231112456109,106.29431670777026,608.64
3444,Rice,297.3675240767835,194.04451902087945,100.8021719694129,136.7909936193972,607.98
9398,Wheat,402.8824026969869,152.94889752675851,484.99174721256026,131.67799799476882,607.21
3705,Wheat,308.26452047690725,189.0037500103216,154.29624502672002,129.14511085989875,605.95
9426,Rice,339.38428745111565,178.08754915243478,336.40514207229063,116.835380700022,605.81
2561,Rice,302.9797627218991,196.10922958392075,255.40370908436557,123.2916971407214,605.62
6565,Wheat,353.93939692887665,169.99677634977354,406.9394318375123,148.6169874215757,605.58
7916,Rice,324.32609618411647,183.13833292013288,326.33745604949587,147.24369363055766,605.5
7300,Rice,293.71540879910555,199.00895788811405,152.39060840228632,119.80173416142677,605.22
4733,Rice,344.9340574163869,171.7580749662522,266.0396442160764,131.1921900900469,605.21
7145,Wheat,340.97131180554805,177.7274640680892,392.4843375883556,125.98022903648796,604.55
8854,Corn,367.1479968006183,163.60504413787703,281.38647804598827,103.18798819014394,603.49
5238,Corn,292.08176061696565,195.1130001472061,101.27689444813028,142.75721336885013,602.59
5299,Wheat,358.57755912311893,164.5960558097733,190.97218147477423,102.97873663948567,602.0
137,Wheat,326.8546605973072,183.00446964781483,402.82383504704,146.4365090791336,601.81
37,Soybean,295.2327419300015,194.42429221223875,150.48662433892991,141.88117778539754,601.52
4405,Corn,303.99918747086906,187.54404196414535,133.5515589388247,148.77432142654268,601.41
3199,Wheat,390.4259277278343,153.3889960429725,304.868253125331,109.40189429048228,601.2
8909,Corn,309.6710428327035,186.46755317299343,105.9167873157988,112.83510037750357,600.69
209,Rice,397.8731919709698,152.00723767458248,364.3721680430432,106.70040753295916,600.37
2759,Rice,321.3999162185755,186.894658407296,409.08082256389616,135.27342918000124,600.35
655,Rice,364.64606763103495,158.89278508902498,102.99765709413204,104.00315182321464,600.3
4854,Corn,380.0795183050748,159.1882067576356,366.7500840789818,104.00942999447555,599.57
3513,Wheat,357.83655106625974,170.9305979579715,497.11550871024446,125.18820481458704,599.5
457,Corn,325.24365111622024,185.97589005415068,405.73897994458656,115.25563625186084,598.88
7538,Wheat,351.5571194625139,173.4817253664745,459.1116762915049,115.76082739634916,598.7
7011,Corn,377.450486423261,160.43402256527204,441.4195693072371,123.6241083810615,598.5
6652,Soybean,368.1180715087183,160.19276229373264,286.6058479154509,124.75025180465788,598.46
3643,Corn,335.2410860954446,172.94228614248362,145.46469298033756,107.89712086162876,597.6
1420,Wheat,365.4620638964584,160.6824694404373,232.70218690826053,111.00891327472765,597.27
9687,Corn,343.5564540017507,169.79270659405586,197.1841310357942,111.05435970701134,596.93
5286,Corn,313.68968814304174,180.26414127872457,132.77128663389286,148.97197200556678,596.88
1053,Rice,311.17154751060787,182.9840048196117,128.54175847792192,130.92465460085117,595.82
2374,Wheat,293.0844960765611,197.9463117658538,259.6011101226585,137.7331628362311,595.51
413,Soybean,320.90706754441965,179.49523017957975,191.7168830200225,124.82759941205306,594.29
9807,Corn,311.9175296949668,191.9171892261064,349.40058006742674,101.22435053093318,594.05
7673,Rice,309.9302839024732,183.4453184791128,119.3028065443016,124.27912075717596,593.91
1884,Wheat,377.6494813351772,154.44085552813607,327.13331195972614,143.45365876474835,593.57
8026,Wheat,312.8419329172165,187.1710340069164,316.3939592284323,131.58197352792018,593.38
3679,Rice,368.44058317675547,164.90743130513772,483.6636492845598,112.19947180202286,592.88
9555,Soybean,389.782551918834,151.8834939707484,365.215216884928,120.52299888345138,591.65
2022,Soybean,306.9083086716935,184.74201596296317,183.98897608332769,142.186545378741,591.25
7106,Corn,348.2137773744074,170.39433673328767,439.2184689393197,139.3543645517712,591.22
531,Rice,387.528290535,150.93194884054137,277.3308922835504,111.73018794523767,590.69
8495,Soybean,334.0366164948256,181.10780077510728,473.90835257250586,109.9564592537842,590.56
8427,Corn,324.6920881081788,176.3334119027976,188.1050110049404,122.1092276575568,590.36
7546,Rice,297.0039019563285,195.29395672016688,278.4177522530099,127.0205620059469,590.3
9959,Wheat,331.43521096750663,178.5350967742609,385.24314069570016,122.76277849827086,590.03
4143,Soybean,307.5823530007572,192.12477861291487,437.5707579721901,139.45740196343706,589.02
4582,Wheat,354.3549041882462,160.07968428901043,142.71066672423234,119.47190317959016,588.82
753,Corn,344.31744716845924,172.1270329941966,415.4948265252911,121.97878659759618,587.71
6428,Corn,306.86486876239053,185.600501833102,178.1881463734416,119.12495259777518,587.46
2871,Soybean,386.5283062081261,151.74232619272908,433.4039611012189,144.10085572936808,586.42
7893,Soybean,318.2399930652139,184.80059736917488,367.4458720120553,115.43891134360452,586.0
8731,Rice,358.9714594109267,158.10667243705217,233.57963787755983,139.28815309279508,585.99
863,Corn,300.484821309671,199.07169676304832,426.25800054087006,100.62028193928911,585.74
4731,Soybean,382.8449070088,153.11486884926398,381.5021097906768,125.51082547560814,585.7
2542,Wheat,352.2958157581889,161.13578604556818,180.578023281156,118.6839073175861,585.22
6338,Corn,377.3438983367201,155.55390076120713,401.2966887445082,126.36837226120348,584.75
6527,Soybean,348.5820175923104,163.45479264038175,159.85697973482712,102.85759582476663,584.65
6374,Rice,296.20529868351207,192.3374662510125,175.19232729265724,105.34845032573162,583.8
7576,Rice,305.72221766421205,192.44467051793677,374.8424793040042,109.37140465121097,583.67
4290,Corn,282.4967610041893,198.595938575973,222.57600768709835,148.36520274739905,583.28
3850,Soybean,307.6907840904503,180.395850765672,116.42371836267058,132.43336992487653,583.15
9706,Wheat,301.86682804104885,186.77382932219265,209.06501822111252,134.11831461161154,583.14
423,Rice,336.71598342509606,176.52968417889355,470.4461740489039,116.2067966286173,582.22
132,Rice,341.4485865644946,170.8695043075977,421.021692172287,133.63784667741896,581.42
5345,Soybean,324.17276529825165,181.44884098022763,489.5194361043046,139.16733995784236,581.01
4740,Wheat,355.71108986152024,165.60798886991174,468.98921502784464,128.26237246579137,580.67
7685,Rice,287.3806680959618,192.10919478041697,139.46607155422734,141.54896564577788,580.6
815,Wheat,302.8755388583198,188.92551928918147,340.6657928923311,136.59139943311493,579.12
9586,Wheat,375.8697263318114,156.04604854636227,461.1281095966038,124.41810599671491,577.74
9340,Wheat,325.3362442144211,178.71659108524906,377.3841142052104,105.72744451586736,575.41
4684,Corn,297.85827249604256,191.5341438695677,337.2855530393532,128.18198952186293,575.23
6504,Corn,275.7841328912857,197.04223631182435,100.61590428318304,138.8545863155197,575.01
7041,Soybean,367.61455654350425,154.38217273302234,366.1569297179493,145.21216210964496,574.48
9631,Wheat,363.0275063683962,153.06313764364268,256.3045776025036,147.7289407505843,574.35
7544,Wheat,342.86013222934776,166.8775671884428,410.5826681752851,144.10335097212467,574.33
1172,Corn,313.2053407775447,182.97932979627876,303.2036449118368,104.84823489679738,574.24
1559,Wheat,299.1919684009912,183.33871798299552,170.47166629748634,140.81758979876523,573.73
1819,Rice,332.44268721359185,177.07357239997964,478.508859623447,109.701032225153,573.73
6391,Wheat,348.33481693270767,160.4420803764337,179.4204927700847,107.87293628610556,573.3
5819,Soybean,323.5871788702909,175.0772703474664,239.6981130054509,101.31826489345306,572.95
8099,Corn,281.80995682245026,197.8094202101611,293.9821015061509,146.33390700686556,571.95
4837,Wheat,291.66557960961933,197.743219625114,444.7231277915446,131.64326546937917,571.77
7845,Corn,345.1693034232904,162.96214046996568,221.17001044320884,103.332249054673,571.38
3128,Wheat,308.7178250844358,182.450664852214,246.40525009727463,109.15157603968876,571.36
4834,Wheat,296.8025711922152,186.20244646354897,245.4539844632835,136.9637268306657,569.2
9412,Rice,322.50306063427286,170.0104326364418,201.5952245917345,136.8112322385674,569.17
7748,Corn,348.11138262628646,161.55890739708664,314.1024632821767,126.20966482921256,568.86
2935,Rice,346.4090566193654,161.34756399528635,321.7637931734338,139.3976358236996,568.57
3324,Rice,303.64071970470434,187.25375221935104,442.1879410426888,145.96802081301277,568.15
9055,Rice,314.19195071899594,177.4659358623048,205.8918177351673,101.43627874334018,567.43
2682,Wheat,308.9037690983871,180.17829063258367,307.7319254391592,136.82539623758004,566.85
5650,Wheat,299.9610424108989,182.02576672240735,157.0673639073085,118.79086138244772,565.94
8685,Rice,340.0205995511027,165.1621058212207,285.00119301774134,109.25964187905288,565.86
2159,Corn,335.8568862271568,168.69085854388462,322.41513431890144,103.0395897745567,565.23
3022,Corn,320.25720059549656,174.81137644317698,342.8353047708822,129.08473937778828,564.29
7598,Corn,286.0895707164286,191.1798202807836,202.38418610184368,121.6918294104596,563.21
5793,Wheat,291.800747065222,191.1523738944988,278.9729036338887,109.348487125609,562.69
8079,Corn,281.3321414003988,197.61650730977144,323.4713624063557,129.67956027380217,562.52
2532,Soybean,270.82030859486235,195.62792017461612,115.69288274326466,147.08811720630197,562.36
4535,Corn,299.257427402412,188.46006410316616,391.9987798637767,125.0813755166142,562.31
283,Wheat,354.9978864263888,156.87778197500202,304.1060257688645,113.14858348110276,560.45
6179,Corn,369.5504194571541,150.2418026457723,339.1167730743049,125.74169595400612,559.03
5039,Soybean,335.0902622852759,170.31523220593442,434.7150279460837,105.46828406944866,558.88
8226,Wheat,288.9012811755287,188.83875961087816,270.7362948408603,130.65763453779778,557.68
8151,Wheat,369.4352549662444,153.309786318925,430.7904258382642,114.16217223570855,557.55
7672,Rice,343.60746224823737,161.3541820115393,284.0719840777677,104.76376966977848,557.45
3121,Wheat,294.9705244145048,180.40217494715063,194.35314737790375,146.9650226989446,556.79
7105,Soybean,334.1273348334572,156.86389098202795,106.02924480921304,143.1501980704699,556.47
345,Wheat,329.5411811977318,171.23017453368047,405.6718977150552,106.73275565307516,555.73
5532,Rice,280.02294924366777,197.0038727475791,273.5541670065137,100.91212255510324,554.57
2255,Wheat,298.6078554991659,186.91070907052563,418.49238999342685,126.78164291159698,554.32
9053,Soybean,349.6869722051102,152.61005977052105,217.29357033111688,141.27499587425348,554.31
796,Rice,302.6473786185975,183.4900187138644,349.2755780891002,112.9388281552991,554.28
7389,Rice,273.84664181007986,194.5866125092941,214.8807835067022,139.19418568039305,553.14
1152,Wheat,325.2007337191304,174.3391523916651,454.1623253677256,104.72520097981707,552.95
6440,Wheat,305.5684274962832,178.17496802517246,364.95358002234417,148.9076395012216,552.62
1141,Wheat,292.5806474125624,186.7211324286783,355.24749848332254,137.35940720915335,551.99
9351,Wheat,291.0866851939896,189.72512132259595,439.9206611932903,145.4025667768931,551.89
8251,Rice,282.25965984867986,192.15648665706925,244.3402744404425,112.9205348391035,551.82
8599,Soybean,320.1342833583512,166.23321926006804,250.8799549557048,149.11666342686834,551.82
2062,Corn,302.4985517133056,173.74930313011885,101.50227494557318,118.75890452133804,551.07
1712,Rice,277.0714032460289,198.9101526271085,355.6124012563085,117.97081344772832,550.95
1844,Soybean,281.7323020673724,197.72701298772785,474.3120057380579,135.2840787476253,550.21
8033,Soybean,326.5272448093863,159.3168481753279,101.13435526366854,133.62678635515084,550.19
3954,Corn,273.21178915087387,198.7120684443372,252.1776390272273,107.54025961736863,549.95
6403,Wheat,283.5267776804049,196.60814922659424,441.5182601156848,120.75916083732804,549.51
1797,Rice,280.47363601616104,195.86057882660023,350.7287208386066,117.09310007823514,549.39
408,Rice,336.50200327721427,163.21679567781663,396.35976387273104,132.40246616722024,549.31
9964,Rice,354.56536738350087,152.356116206301,243.94520013202973,110.18800768848207,548.86
9518,Wheat,311.26373964901234,169.98133646523564,126.20287481616872,106.96294446670784,548.56
3675,Soybean,303.42189503383133,175.4924660838323,281.520046144572,147.16911546962362,548.48
675,Soybean,268.19966440878727,193.99681816664025,129.02785671857805,132.1229047314286,547.03
32,Rice,284.2910531916458,190.4944879091276,334.20955325294824,123.35342793701636,545.14
9589,Wheat,357.2431767687313,152.6834353954045,361.37362833639946,119.190874488684,545.07
942,Wheat,331.8735750874648,158.21074200487357,140.79913160165285,110.27852853314616,544.06
8855,Rice,348.8390540023402,153.491439454432,325.3225753844932,137.05418021029206,544.02
935,Wheat,311.806422884942,178.04424862975344,446.79871205388025,110.76685175442964,543.7
2991,Rice,274.6735247015664,197.78646409259255,422.4108676129322,138.78358788791047,542.66
7072,Corn,346.66022266358954,156.66304215515558,323.22703761435946,104.81297545216944,542.21
7132,Rice,329.482553757528,168.3290278139991,468.5416802719368,113.53257408731768,541.82
3601,Rice,303.9273315881548,175.85435768758202,240.9057479573281,103.76253633590272,541.51
384,Rice,296.5749535900724,175.16680166189622,196.37276834229164,138.63588588436795,541.45
5476,Wheat,319.1440439688441,161.65756828216925,154.16463435422537,135.99842102475424,541.3
3516,Rice,282.1991545952141,190.32750464659736,313.7578863115114,116.09783556757634,540.56
8387,Corn,327.34455930549115,166.3083221340426,458.9299466559525,140.1774347375437,540.56
8330,Wheat,284.0689641294887,188.64438220764376,305.48646896594016,117.15161925711456,540.48
2277,Wheat,294.7539741222639,181.5143876882601,296.7670191890144,115.14669304079214,539.89
1691,Rice,290.77170795590337,177.54386560555832,159.66169893602046,130.7732553277022,539.51
2930,Corn,338.8206215148724,161.01046824186824,470.298663137585,136.29494248519114,539.4
5818,Soybean,326.41045573613115,166.4160457329154,484.0639186983815,147.9937346614957,539.19
1446,Corn,275.7171070000254,192.58012023187416,374.6101935324229,147.9349177166905,537.9
5826,Rice,280.8291573692731,194.331929688952,473.9189229728564,131.67644772545083,537.85
9432,Soybean,255.20746101134935,199.8316055087315,152.8087403119757,136.9408285645161,535.79
8835,Corn,319.5774939644675,161.44464917463674,233.34062544781267,141.39427391065755,535.02
15,Soybean,324.5391102603418,157.49825355053477,132.3907034035726,122.43708870746678,534.64
4085,Wheat,350.228393118927,153.96117939141226,409.7819053212497,120.76728319354032,534.47
5396,Rice,284.55795007479475,183.13115846070284,318.01645672600625,149.63227844709058,534.2
7377,Wheat,324.3122913841416,163.7110870696446,412.5038152633858,147.51739108665583,533.94
5539,Soybean,273.4717304980842,196.66196382103857,352.76544733213746,103.74946211179883,533.66
8684,Soybean,270.5395203475655,199.0537169732329,411.0434616847473,120.12098756588745,533.45
2498,Wheat,286.9690749697595,183.82946195665892,329.6012606465057,127.62733083655117,532.86
7014,Wheat,319.63753616963703,167.71557338673392,431.15174172101575,129.52228549741793,531.82
9639,Corn,332.98456593769083,161.35981797043385,491.67693255144206,142.4349690814449,530.87
4978,Corn,330.33416017867205,165.00794576017526,471.6209231457708,106.12519707344156,529.75
2443,Rice,334.8055896673211,153.91096443579585,199.6044074901652,114.07869697669967,529.57
3545,Rice,335.4696327261644,153.59952819719203,256.8327868691068,130.33630376201086,528.7
584,Soybean,319.9566436043608,164.4493524528948,397.1544220574124,140.3565849863785,528.56
3463,Wheat,322.8243343150673,158.11323297232204,265.2292518886167,148.78705598421968,528.54
6942,Soybean,318.1282025348585,161.30565071360937,248.54724757897904,134.1083228617643,528.54
4137,Wheat,327.49562727610635,156.0536960278397,241.3810453433674,132.79463192511463,526.77
6823,Wheat,315.7435550760297,160.31491377997887,116.67707480298834,105.21927190110836,526.08
9833,Corn,344.3780731949801,152.61607327650634,401.16383460401937,135.0903486007535,525.99
5509,Rice,322.8009329840969,168.87441018625543,499.5029027649268,101.56382106839165,525.65
710,Soybean,356.5972182738919,151.47423735102063,472.87322766784257,108.5461623349206,525.43
7472,Rice,301.73654441850533,175.72543833697944,375.3796618647631,107.15748782891193,524.84
3988,Soybean,269.61945887680633,189.24537646548896,266.60305436784745,137.04759032052647,524.7
8452,Wheat,339.6806742506528,152.6822282967957,317.8617342478349,126.05635331310197,524.66
5644,Wheat,323.9053387772508,157.5349165044442,159.56765751060016,100.8289752243192,524.56
462,Wheat,337.7390596085416,156.59163878496395,412.9942776884437,120.49998218738392,523.72
5512,Wheat,311.07180056900575,172.7207725583271,490.6030482663851,117.68739598149207,523.53
919,Soybean,269.84357480483584,193.70276401661752,433.4407343728882,144.77581923926635,522.78
6304,Soybean,310.7392270016577,164.18351883880774,324.55230776562894,149.31582432095075,522.52
4230,Corn,289.0473515735847,181.5065756875809,456.8117337618581,142.54303777820417,521.72
3685,Soybean,312.6160437818742,170.36493659912065,496.9179115380746,128.4456983244072,521.43
8524,Soybean,276.86930267157334,177.98080215501602,157.86973561317131,146.57103291468994,520.96
2891,Rice,272.1096170221939,184.1925309966292,163.0476780727452,118.9781615545928,520.59
2399,Rice,307.0932669409293,166.25830836135677,324.84570773932614,140.8816268734642,520.35
4387,Wheat,319.2420035588472,161.20075604528645,299.64049095168167,118.47075500514693,520.2
42,Corn,255.93340940024936,192.2274297103855,174.10721247810218,145.34584133904838,518.17
6436,Wheat,316.91812722052805,154.82073969789775,131.50670069062724,132.270545905662,517.19
5225,Wheat,309.1067365064932,157.9300198978836,160.6662336169279,147.6750462851434,516.41
1961,Soybean,275.540397640414,180.6850223398026,252.35330959154933,143.56390604585965,515.69
949,Corn,319.98579269372107,162.64080384830845,379.21733826222544,110.30284603896368,515.6
1847,Corn,265.0571264641373,187.96579675939407,224.06410576327303,129.19388339193665,514.57
3950,Wheat,326.31017505937155,155.10481716348056,289.5020564052762,124.29880453353256,514.46
729,Corn,266.8957458101647,192.5335054049212,396.7937656715524,133.93409765929775,514.36
2835,Wheat,297.31277722451495,175.86133797570136,482.2079069500705,131.07164865499362,513.96
3167,Rice,262.6312594257487,192.12593668164996,239.0570741180868,110.3512018017947,513.78
4724,Soybean,273.3057538590478,190.21619921357328,448.8709469438584,128.7719000347538,513.62
2558,Rice,267.3387528227195,185.709927360608,193.6697575724795,120.26846190457974,513.19
2209,Corn,322.7579416525854,161.15918824231724,475.282604029416,133.16581704133404,512.58
8830,Soybean,289.1008404945631,178.66311885222467,414.7869152694376,125.09382840124678,512.57
8183,Soybean,301.49773566260933,170.25842157792204,429.128384263176,140.34608761778213,512.52
9832,Wheat,332.49450812369207,152.9170445566018,411.8941356481322,144.9020876937612,510.72
4655,Soybean,278.6598157457352,188.1373622718939,450.20484014044416,103.84326118182976,510.4
795,Rice,269.8777147562341,187.9411020273324,351.4066998711013,125.8796549730668,509.83
8527,Wheat,322.4621323169163,156.03881963038728,323.14572229425744,127.3380743740191,509.05
4931,Wheat,270.8093237707938,186.92409895227783,362.2071711553962,128.53161821687033,508.55
7498,Rice,268.1982650785328,183.00097737447524,131.14177029024256,102.23841556917492,508.36
6577,Wheat,259.5860749348339,191.2110100033312,297.3984844982445,138.92728594340696,508.3
2545,Soybean,252.6732945339544,194.51085672132575,240.16256505736084,135.49735298920052,508.11
8175,Wheat,280.43511196513487,178.04298355351946,326.29252752084415,138.0401928106414,508.08
2511,Wheat,292.2337502923472,166.1067710513127,179.07353481100904,133.06362605332163,507.43
1332,Soybean,295.4689870321747,171.16170895401126,338.38160809588663,117.5927383694892,507.17
9099,Rice,274.0668659247327,186.40863822632912,396.9383638372765,118.55381634748264,506.76
9162,Corn,265.35304303123576,181.71132805797507,130.03559010318867,123.55314529213372,506.24
2655,Rice,274.5640825219003,173.73358302649973,145.48752836689613,144.65103651991723,505.86
9994,Wheat,328.43495160537174,154.33344525730638,417.0099347603564,133.67777248489617,505.29
5110,Wheat,255.20616518772167,187.24159378883755,137.0706322054447,135.2173710550939,504.71
9355,Soybean,280.8890726676529,181.52154768183175,452.5937995173596,127.39117344135428,502.83
5398,Rice,320.59433282950295,152.59490638964277,290.2947153014136,137.1632659412212,501.33
1259,Corn,280.58514353315945,177.31748555039184,363.57332677310654,133.3524799238245,501.17
8691,Soybean,293.0428148240153,167.5032088111848,241.03270061942183,114.50297908010457,501.1
5680,Rice,327.5725886040585,150.9853934926087,323.20414548812147,129.41074834799645,501.09
3169,Rice,288.77030807837764,173.41811881011904,326.8562444483468,108.47007939862388,500.64
4103,Rice,276.675198106988,184.1195386366742,414.2822729248861,107.22681877295852,500.15
3034,Wheat,264.6920487118061,187.26418576085905,392.60995831429744,143.53645575312652,499.47
2938,Rice,269.3612157889205,178.1393962801288,210.56188441928575,134.38948291245026,499.1
8951,Soybean,292.3583260659508,159.51000531089755,101.24480841084127,142.5017733999838,498.97
9893,Corn,252.2543179269593,188.45174455569696,187.63766998749017,138.65190843087552,498.21
1679,Soybean,319.5946623839122,152.60164151620597,205.85658549168127,102.8348530336802,497.97
6821,Soybean,273.2582694068552,177.23426909688902,290.8641099365305,139.91501528622416,497.2
5731,Wheat,290.36078975448424,166.51102087618204,239.0881687004291,124.87437065726256,497.04
2293,Wheat,301.5477914959328,165.73986432348352,432.9244386804397,134.3071948785974,496.78
3332,Rice,257.6391056842267,185.05185008388395,132.0408509030552,108.77371383590172,496.19
4341,Soybean,304.6882446813844,158.98527905639446,272.0843509137749,127.16643672038826,495.35
1426,Rice,309.0488843587308,153.2162786108268,158.64776767558962,124.52790165559678,495.01
2685,Soybean,253.09260201665663,194.6561066341193,332.4769077953122,118.18578872571968,494.87
7037,Wheat,286.0479563867096,174.33165158196354,430.6452530777223,129.86401574372354,494.57
3784,Soybean,287.73552262174053,170.72070116142035,280.6648359253137,102.25297528711042,493.83
5720,Rice,315.8388780448719,159.0237902559419,394.0881012621082,102.63146359549845,493.64
4628,Soybean,269.3442592294182,177.11699809505615,208.11015574041767,124.5626477892025,493.61
8417,Wheat,308.56696926408955,156.0923637406716,243.2767860035084,120.77807444209976,493.56
9864,Rice,255.31684946246477,195.961370881535,427.827570529479,120.02622394682471,493.55
94,Wheat,289.86411882856333,170.95091647044416,450.04331366741695,143.09026552940682,493.45
2107,Wheat,329.2004764679913,150.05511805545945,336.507385673626,108.35639208413426,492.84
7215,Wheat,277.29896247739305,179.50447348491264,443.54866438316463,131.0433202287,492.72
1867,Soybean,273.34976862559853,171.57190786437533,111.2898342314129,114.6783878714928,492.27
6054,Wheat,284.7772601791151,177.71252248127763,474.3785353499469,111.33410099037296,492.05
5280,Corn,267.1277207957768,187.40708878294515,443.2531206620355,117.72308260277684,491.61
585,Corn,267.802300773258,181.9670565965324,310.0727756647051,117.48849641025195,491.55
7310,Rice,265.9383512571143,177.7020456467127,242.1096536842838,143.27643501437615,491.35
9226,Soybean,294.5150733677765,165.05687164946494,350.93806599560486,133.9214961006286,491.2
2522,Soybean,289.0929218705264,165.41444328779016,287.3680891144693,138.56896754276272,491.04
9628,Corn,259.93514989350314,178.5892848147925,104.5279101596214,121.98478731027464,490.36
4016,Corn,276.8302100027301,178.7527969500785,437.6125406494386,130.8573370789896,490.34
5728,Wheat,294.03450226787845,159.96849547756435,118.41741835712472,106.06862173972873,490.34
4130,Wheat,282.7405793353187,177.11542646341886,446.5623895960176,113.50134790895726,490.17
3815,Soybean,306.1324597479023,164.5373501887168,440.00711355136735,100.731877244236,489.92
1218,Wheat,289.05287936020704,159.79446566301516,141.4610493088305,140.04918822164228,489.76
8973,Wheat,283.3236680835032,176.36788793238964,443.5528737009133,114.43055804871646,489.67
1829,Rice,329.1565537493128,150.2306044973099,393.1086762751681,114.68758501575748,489.59
5296,Rice,253.4812561654483,186.86771482492372,158.45767633426706,101.90699911708752,488.4
463,Corn,260.7692969529635,185.23473418826995,313.43310764967407,122.26620052907776,488.37
922,Rice,281.1136341865053,172.62348576746376,303.9754314162403,110.89348477998011,488.14
1309,Rice,294.4443489603589,162.09278965397016,237.5669907091836,114.8854458276963,487.98
7071,Wheat,313.70007310199685,151.0880800099511,276.67915456525947,137.27424885546145,487.48
2260,Rice,303.415249199176,164.77660515300897,433.6209618529064,102.330466539861,487.29
5342,Soybean,252.71029651130976,184.4185970414601,165.35093876381185,124.17364649294,486.76
3485,Wheat,277.33819558799314,170.03654843222768,196.702991467656,107.2716066225868,484.09
9364,Wheat,299.89293135521484,164.72091110701334,453.7242855680269,117.63730857263754,483.91
3913,Soybean,265.81942134526446,174.86012127951824,136.19679308543814,108.317148447507,483.69
3097,Rice,266.40489191297024,177.50796647825467,242.18494366981807,116.30547196543225,483.56
640,Rice,306.3408724171418,150.41364258707523,179.5074368322319,132.41684966060194,482.55
6176,Rice,279.6124543657647,172.36500175296248,356.5636537173976,116.66537203597292,481.3
4260,Corn,320.75726453479746,151.63737731587076,374.8481826263132,106.68253851772148,480.91
6300,Wheat,253.86524719636165,180.88825894163665,114.95337959076257,108.03769942444038,480.13
8205,Soybean,261.1466023407668,189.0115056368031,451.7578336279723,103.32388697976106,479.42
6224,Corn,255.00462421823983,182.96333991692495,314.4606575138747,144.91093242051952,478.59
6899,Rice,301.65090760993763,157.7945620584117,375.2358049100594,129.58868295880245,477.34
2188,Rice,289.7336722697919,159.1108797719802,139.64208213865413,100.56256695339891,477.2
2963,Rice,291.34429493488483,154.41855932140783,146.8535722385138,137.9380734276115,476.59
5019,Soybean,283.3558780619031,160.98184489640437,215.9143461009109,139.39657977948102,476.38
3448,Wheat,313.60400809350443,151.47437139168113,437.9604237095623,149.91073009530515,476.21
1548,Soybean,290.6487886761984,158.88950007215325,162.9339264118245,102.08494617410943,476.14
9836,Corn,276.04136018743725,172.2346019833289,443.11379351714095,149.57560865819002,476.0
3468,Rice,324.9428980774744,151.49028304868352,495.90965518087165,110.37766148411951,475.78
2078,Rice,263.2467189295657,178.624148177991,268.58913542778896,107.7015960912264,475.67
8742,Rice,306.1190562813144,150.24245998502005,270.04133791759386,141.21497463111012,475.28
8117,Rice,257.41372685939393,185.57725199859115,391.5257975106616,118.30505147026626,474.04
2675,Soybean,257.4580597967098,178.5334075065892,286.4618104023598,140.3380945030876,473.1
1076,Soybean,269.36188516305486,178.8964967755609,487.3757903508336,132.1090445707714,472.77
3563,Rice,277.9380777786072,160.3517758544473,161.33014691671707,142.99966332590236,472.45
8219,Wheat,265.8241132459478,169.4803101408181,225.00733530393387,146.96356109666084,472.11
4806,Wheat,287.676994206426,165.74803115832032,376.6298466228707,107.6392098820436,471.45
6451,Soybean,252.95051591586545,181.5277890247639,268.27506253904915,125.8034630538628,470.09
4752,Wheat,294.27655593065367,154.62771161774037,295.476314868063,145.3951682626967,469.1
1866,Corn,315.5237016751495,150.77714174618933,453.6313609853138,128.7538006887379,469.0
1480,Corn,295.43670426683923,156.1001956484279,329.48698164017304,135.8383355316672,468.98
4237,Wheat,270.9990907121699,167.61208834123556,246.13425722724293,124.83624435107816,467.06
1555,Corn,286.27925686040123,161.34075703820122,265.2799148173999,104.30857485087488,466.65
7506,Soybean,252.49243861639985,175.28958083660208,198.81015141697765,143.12398746198522,465.65
9318,Soybean,273.86151211667743,172.63617237359307,400.84644972053707,108.39901149347676,465.22
1496,Rice,262.38590232642525,178.22130246051742,344.7951061804378,104.38764070423588,464.46
2018,Wheat,285.36666090135657,161.4764536794593,403.6313673454656,145.88658443384082,464.2
90,Wheat,294.4378424347881,150.27371491611376,191.9592290441048,136.27254072427277,464.15
2919,Corn,254.25096471022445,178.45288433960047,284.3719885406896,126.36767696402174,463.19
1055,Rice,299.4578100021299,153.83899205472096,287.1735824788188,103.57659431897925,463.04
3577,Rice,279.5533271139024,156.01724925341847,135.19436561098246,134.47052504140913,462.97
7057,Soybean,263.1267172571296,165.7528240721491,182.58342264502096,149.54963346960727,462.75
3940,Corn,281.484855314907,163.45132294030213,368.1739937480264,130.04412174580887,462.29
1368,Wheat,305.3570911090071,151.1224093015352,422.47962178617104,143.37492851148204,462.23
8334,Soybean,274.3883139943679,160.05907501619532,185.28533121103,136.3372653832987,461.56
6420,Wheat,251.61527121458653,186.1959810596449,495.8248583370314,142.08735504593545,461.54
1923,Wheat,264.7653891576325,169.57523328307258,211.27949808695288,108.41675512210752,460.37
6361,Wheat,274.1146527540047,165.1524671399845,351.49684341093064,141.6177652585836,460.04
5203,Wheat,297.5084214126209,157.6081718402586,468.587665045774,123.35414213972784,459.05
9100,Corn,295.3778262182597,158.81595829355308,486.4475277374104,127.49551238990054,458.71
258,Wheat,297.58303047107887,157.9952823981066,460.8774385652303,115.12435294701552,458.62
3279,Soybean,281.4546410345671,165.4484939242509,407.5879216900736,112.09991465632082,458.53
7008,Soybean,259.35736480687234,168.60594064242812,236.8087622094136,146.0262867592881,457.42
7435,Rice,282.55905975058965,156.9898497007728,301.0484934242654,137.0364614326892,454.6
7456,Wheat,274.2390429792203,159.31972513465882,225.9968069010792,127.46313841742118,452.56
2059,Soybean,271.5109984711196,165.640171197697,386.22275066326586,137.76539869234824,452.44
259,Wheat,264.87188270380136,167.96148151619656,265.6029748241616,111.22585429866405,451.69
3431,Rice,253.61148922118255,175.69043024970222,299.0924228601855,119.99029912466632,451.66
7969,Wheat,270.1656255240896,155.11321165549057,100.47585466199034,138.14275108920668,450.46
856,Wheat,264.61777569292246,173.3053623523685,457.6430121348877,124.5717748189536,450.2
1965,Corn,270.9476034904668,162.0075975984168,221.29084952974097,108.14317814758918,449.27
1581,Rice,279.8999267103927,152.04830032321132,212.70904532035803,146.15526505563676,448.16
6586,Soybean,294.63382308186715,153.7238621229306,416.3145394351386,121.30416516616414,447.68
2177,Rice,273.61837329111586,165.55873975320225,464.83945052327033,131.99495544177432,446.11
7113,Rice,254.67397320770164,168.62579650915842,200.58514447068305,120.83288000887802,445.64
8615,Wheat,262.8657087419963,162.09266035527514,129.12145299892504,105.74283890777092,444.9
3847,Wheat,272.6652759805214,157.9463295754692,201.26461110713743,113.10943571946258,444.47
5410,Rice,275.5607891678312,152.09250394663815,165.24123818582194,135.2697255610832,443.16
5172,Rice,285.89620408726444,150.33378172410647,301.93204650095987,141.4962127513546,442.05
7348,Soybean,288.0652088254593,150.22461761206725,300.6069610617121,131.06502533381402,442.0
9726,Soybean,274.5276079811469,156.2546467916447,236.6985229714764,112.59662944975736,439.07
9346,Rice,284.885068866933,155.4106569403929,367.31406327342097,110.14309209018244,439.05
3553,Soybean,259.11930911613416,159.39606513534198,162.97275408238505,139.49414624586532,438.58
79,Soybean,296.7023540731174,151.87073959996678,478.0748839249673,118.1262821465004,438.23
7227,Rice,266.87588107825144,163.2571968708579,329.0753477813436,114.78576638551972,437.22
2848,Rice,264.41601363115365,160.61331819661444,257.5342751749682,122.16120268839474,435.58
3357,Soybean,292.5350088641209,153.59652292790548,477.8496025001232,109.77795190443229,434.47
4088,Rice,275.3685674125978,152.8686223498155,290.5459560976476,138.03092296033554,433.31
598,Wheat,290.0272552830114,151.36472914881625,428.4101980287536,121.35787373885104,432.57
9066,Wheat,289.6355798373482,151.4429402716427,422.1656050322858,117.39376411088992,431.63
7154,Soybean,284.5842451482389,154.47148725841055,428.2786395381624,115.71179415624772,431.49
6844,Wheat,267.7149751089663,164.80681292357104,456.88953897344726,116.90174918917242,430.59
5781,Rice,264.0141834434497,157.9981506306915,270.33067617739613,130.062874063332,429.12
6448,Wheat,277.49726161411866,154.98428363071207,369.323285156737,110.51154619038348,426.3
7063,Soybean,258.61190361387645,155.07828576973458,154.30655536416293,133.45204323991146,425.66
7411,Rice,267.14061540873445,151.7534066986247,155.66632581879674,100.75841424811448,420.06
3556,Wheat,257.74206639291094,165.49620706032937,483.0949804099517,134.7393289502921,418.67
885,Rice,257.37273809042074,165.95207842529618,476.5427948727519,128.6268180276296,418.05
2123,Wheat,255.0281545139996,157.6219149664048,227.9921957621323,125.38866500343616,416.8
600,Soybean,257.15511715859066,163.68081294810253,354.3582034750991,103.7597202864977,416.61
7211,Rice,251.2030387711672,154.53943439295963,163.31584985083296,147.62153026824558,416.16
3138,Soybean,258.09927402013136,160.829113966884,376.5251382894843,123.6744525466562,414.55
6491,Wheat,269.171474316925,152.14957659895092,328.59309765948893,123.79130541692304,413.82
7294,Soybean,266.4412092855618,156.45494065456512,476.7682710952179,143.16006497008107,412.13
9109,Rice,272.77265345804074,150.91441412830528,391.6142330125692,116.22979701092106,407.36
859,Soybean,251.39992769117669,158.70290813775506,352.49833085147344,140.3982991112477,405.85
2133,Corn,251.52438330300757,154.6211952693232,196.29989963991835,112.53708299353822,403.04
4433,Rice,250.33442506915856,158.67275901478774,325.2758008177651,127.36280835665777,402.89
973,Soybean,250.6046712849748,157.8692400251403,362.9293952616636,136.2819377762624,400.22
8591,Soybean,254.72683962390155,154.03122673531013,247.08508225980967,105.92126729269128,399.43
7024,Wheat,252.98894782613772,153.16333496393975,289.9429766038665,127.75744946116014,396.82
848,Corn,250.4486477246465,161.53060231053834,407.5861365475403,106.8238680855068,395.84
6182,Soybean,259.4675197526741,156.68428757124624,475.18389276741823,119.49926678887572,394.88
8213,Corn,260.05847568311697,151.1744299197793,330.7004629223311,115.23289145463164,394.64
1580,Soybean,255.5054677947674,151.11921613638043,399.7269103158536,130.54817824650905,385.31
7666,Rice,253.68707849007447,153.28106806847683,411.3792580245543,116.58174814938316,382.69
